Location,LocID,VarID,Variant,Time,MidPeriod,PopMale,PopFemale,PopTotal,PopDensity
Afghanistan,4,2,Medium,2019,2019.5,19529.727,18512.03,38041.757000000005,58.269
Africa,903,2,Medium,2019,2019.5,653513.68,654550.496,1308064.176,44.119
African Group,1823,2,Medium,2019,2019.5,652644.714,653675.858,1306320.572,44.464
African Union,1560,2,Medium,2019,2019.5,652949.469,653953.561,1306903.03,44.085
African Union: Central Africa,2080,2,Medium,2019,2019.5,76945.49799999999,77068.207,154013.705,29.191999999999997
African Union: Eastern Africa,2081,2,Medium,2019,2019.5,190633.88,191897.33899999998,382531.219,59.835
African Union: Northern Africa,2082,2,Medium,2019,2019.5,102362.525,101130.701,203493.22600000002,28.925
African Union: Southern Africa,2083,2,Medium,2019,2019.5,88295.489,91661.00300000001,179956.492,30.458000000000002
African Union: Western Africa,2084,2,Medium,2019,2019.5,194712.077,192196.31100000002,386908.388,76.875
"African, Caribbean and Pacific (ACP) Group of States",1200,2,Medium,2019,2019.5,573953.218,576237.3570000001,1150190.575,47.628
Albania,8,2,Medium,2019,2019.5,1466.785,1414.128,2880.913,105.14299999999999
Algeria,12,2,Medium,2019,2019.5,21749.666,21303.388,43053.054000000004,18.076
American Samoa,16,2,Medium,2019,2019.5,,,55.312,276.56
Andean Community,1533,2,Medium,2019,2019.5,55331.532,56405.132000000005,111736.664,30.026999999999997
Andorra,20,2,Medium,2019,2019.5,,,77.146,164.14
Angola,24,2,Medium,2019,2019.5,15744.778999999999,16080.52,31825.299,25.528000000000002
Anguilla,660,2,Medium,2019,2019.5,,,14.872,165.24400000000003
Antigua and Barbuda,28,2,Medium,2019,2019.5,46.851000000000006,50.263999999999996,97.115,220.71599999999998
Argentina,32,2,Medium,2019,2019.5,21841.415,22939.26,44780.675,16.363
Armenia,51,2,Medium,2019,2019.5,1391.269,1566.4589999999998,2957.728,103.889
Aruba,533,2,Medium,2019,2019.5,50.443000000000005,55.867,106.31,590.611
Asia,935,2,Medium,2019,2019.5,2353466.245,2247905.0209999997,4601371.266,148.273
Asia-Pacific Economic Cooperation (APEC),1207,2,Medium,2019,2019.5,1487063.708,1469181.57,2956245.278,49.16
Asia-Pacific Group,1824,2,Medium,2019,2019.5,2344133.8680000002,2238002.391,4582136.259,146.19799999999998
Association of Southeast Asian Nations (ASEAN),1557,2,Medium,2019,2019.5,330019.461,330699.265,660718.726,152.738
Australia,36,2,Medium,2019,2019.5,12551.311000000002,12651.889,25203.2,3.281
Australia/New Zealand,927,2,Medium,2019,2019.5,14902.473,15083.788999999999,29986.262000000002,3.7739999999999996
Austria,40,2,Medium,2019,2019.5,4409.38,4545.728,8955.108,108.667
Azerbaijan,31,2,Medium,2019,2019.5,5015.834,5031.885,10047.719000000001,121.55799999999999
BRIC,1525,2,Medium,2019,2019.5,1617089.9309999999,1540033.2959999999,3157123.227,85.10600000000001
BRICS,1526,2,Medium,2019,2019.5,1645949.233,1569732.261,3215681.494,83.94
Bahamas,44,2,Medium,2019,2019.5,189.23,200.25599999999997,389.486,38.91
Bahrain,48,2,Medium,2019,2019.5,1054.797,586.367,1641.164,2159.426
Bangladesh,50,2,Medium,2019,2019.5,82473.791,80572.382,163046.173,1252.563
Barbados,52,2,Medium,2019,2019.5,138.813,148.208,287.02099999999996,667.4910000000001
Belarus,112,2,Medium,2019,2019.5,4399.913,5052.496,9452.409,46.583999999999996
Belgium,56,2,Medium,2019,2019.5,5711.479,5827.847,11539.326000000001,381.087
Belize,84,2,Medium,2019,2019.5,194.28099999999998,196.07,390.351,17.113
Belt-Road Initiative (BRI),2067,2,Medium,2019,2019.5,1674352.8,1679211.9219999998,3353564.722,49.727
Belt-Road Initiative: Africa,2068,2,Medium,2019,2019.5,581731.1429999999,582387.4789999999,1164118.622,48.048
Belt-Road Initiative: Asia,2069,2,Medium,2019,2019.5,785849.5,767079.0229999999,1552928.523,90.46700000000001
Belt-Road Initiative: Europe,2070,2,Medium,2019,2019.5,196943.086,217629.33,414572.416,21.705
Belt-Road Initiative: Latin America and the Caribbean,2071,2,Medium,2019,2019.5,102173.344,104588.237,206761.581,33.384
Belt-Road Initiative: Pacific,2072,2,Medium,2019,2019.5,7655.727,7527.853,15183.58,20.208
Benin,204,2,Medium,2019,2019.5,5891.255999999999,5909.895,11801.151000000002,104.65700000000001
Bermuda,60,2,Medium,2019,2019.5,,,62.508,1250.16
Bhutan,64,2,Medium,2019,2019.5,405.032,358.06199999999995,763.0939999999999,20.02
Black Sea Economic Cooperation (BSEC),1527,2,Medium,2019,2019.5,163129.456,179702.789,342832.245,18.51
Bolivarian Alliance for the Americas (ALBA),1569,2,Medium,2019,2019.5,28990.385,29544.68,58535.065,26.668000000000003
Bolivia,68,2,Medium,2019,2019.5,5779.611,5733.491,11513.101999999999,10.628
"Bonaire, Sint Eustatius and Saba",535,2,Medium,2019,2019.5,,,25.983,79.21600000000001
Bosnia and Herzegovina,70,2,Medium,2019,2019.5,1616.799,1684.1989999999998,3300.998,64.725
Botswana,72,2,Medium,2019,2019.5,1114.116,1189.587,2303.703,4.065
Brazil,76,2,Medium,2019,2019.5,103733.16,107316.359,211049.51899999997,25.250999999999998
British Virgin Islands,92,2,Medium,2019,2019.5,,,30.033,200.22
Brunei,96,2,Medium,2019,2019.5,224.982,208.31400000000002,433.296,82.219
Bulgaria,100,2,Medium,2019,2019.5,3400.054,3600.063,7000.116999999999,64.482
Burkina Faso,854,2,Medium,2019,2019.5,10147.774,10173.609,20321.383,74.274
Burundi,108,2,Medium,2019,2019.5,5718.988,5811.589,11530.577,449.01
Cabo Verde,132,2,Medium,2019,2019.5,276.036,273.9,549.936,136.461
Cambodia,116,2,Medium,2019,2019.5,8047.3640000000005,8439.178,16486.542,93.398
Cameroon,120,2,Medium,2019,2019.5,12939.928,12936.458999999999,25876.387000000002,54.74100000000001
Canada,124,2,Medium,2019,2019.5,18563.538,18847.5,37411.038,4.114
Caribbean,915,2,Medium,2019,2019.5,21401.36,21933.646,43335.005999999994,191.74
Caribbean Community and Common Market (CARICOM),1530,2,Medium,2019,2019.5,9232.427,9437.032,18669.459,43.165
Cayman Islands,136,2,Medium,2019,2019.5,,,64.94800000000001,270.617
Central African Republic,140,2,Medium,2019,2019.5,2351.973,2393.206,4745.179,7.617000000000001
Central America,916,2,Medium,2019,2019.5,87024.92800000001,90561.597,177586.525,72.417
Central Asia,5500,2,Medium,2019,2019.5,36247.413,36964.698,73212.11099999999,18.644000000000002
Central European Free Trade Agreement (CEFTA),1545,2,Medium,2019,2019.5,12661.702,13177.44,25839.142000000003,88.086
Central and Southern Asia,921,2,Medium,2019,2019.5,1025739.444,965684.063,1991423.507,192.838
Chad,148,2,Medium,2019,2019.5,7960.522,7986.36,15946.882,12.664000000000001
Channel Islands,830,2,Medium,2019,2019.5,85.25399999999999,87.01,172.264,906.653
Chile,152,2,Medium,2019,2019.5,9341.774,9610.261,18952.035,25.489
China,156,2,Medium,2019,2019.5,735624.2590000001,698159.433,1433783.6919999998,152.722
China (and dependencies),1105,2,Medium,2019,2019.5,751174.575,714459.6009999999,1465634.176,155.51
"China, Hong Kong SAR",344,2,Medium,2019,2019.5,3418.487,4017.67,7436.156999999999,7082.054
"China, Macao SAR",446,2,Medium,2019,2019.5,307.70599999999996,332.74,640.446,21419.599
Taiwan*,158,2,Medium,2019,2019.5,11824.123,11949.758,23773.881,671.3889999999999
Colombia,170,2,Medium,2019,2019.5,24713.193,25626.25,50339.443,45.371
Commonwealth of Independent States (CIS),1566,2,Medium,2019,2019.5,136974.24,152604.888,289579.128,13.64
Commonwealth of Nations,2074,2,Medium,2019,2019.5,1295246.211,1234505.864,2529752.075,84.391
Commonwealth: Africa,2075,2,Medium,2019,2019.5,284611.352,285136.483,569747.835,74.477
Commonwealth: Asia,2076,2,Medium,2019,2019.5,933970.7309999999,871569.677,1805540.408,422.69800000000004
Commonwealth: Caribbean and Americas,2077,2,Medium,2019,2019.5,21943.468999999997,22287.595,44231.064000000006,4.734
Commonwealth: Europe,2078,2,Medium,2019,2019.5,34171.515,34997.597,69169.11200000001,275.03700000000003
Commonwealth: Pacific,2079,2,Medium,2019,2019.5,20549.144,20514.512,41063.656,4.853
Comoros,174,2,Medium,2019,2019.5,429.21,421.681,850.8910000000001,457.222
Congo (Brazzaville),178,2,Medium,2019,2019.5,2687.3579999999997,2693.1459999999997,5380.504,15.755999999999998
Cook Islands,184,2,Medium,2019,2019.5,,,17.547,73.112
Costa Rica,188,2,Medium,2019,2019.5,2522.5389999999998,2525.022,5047.561,98.855
Countries with Access to the Sea,1638,2,Medium,2019,2019.5,3600496.039,3529632.704,7130128.743,63.141000000000005
Countries with Access to the Sea: Africa,2094,2,Medium,2019,2019.5,488419.94,487381.74799999996,975801.688,45.8
Countries with Access to the Sea: Asia,2095,2,Medium,2019,2019.5,2272641.057,2164704.463,4437345.52,182.03400000000002
Countries with Access to the Sea: Europe,2096,2,Medium,2019,2019.5,327452.443,351236.885,678689.328,31.647
Countries with Access to the Sea: Latin America and the Caribbean,2097,2,Medium,2019,2019.5,309442.62899999996,320120.586,629563.215,33.741
Countries with Access to the Sea: Northern America,2098,2,Medium,2019,2019.5,181452.303,185148.641,366600.94399999996,19.655
Countries with Access to the Sea: Oceania,2099,2,Medium,2019,2019.5,21087.667,21040.381,42128.047999999995,4.9639999999999995
Croatia,191,2,Medium,2019,2019.5,1990.015,2140.284,4130.299,73.808
Cuba,192,2,Medium,2019,2019.5,5627.928000000001,5705.556,11333.483999999999,106.478
Curaçao,531,2,Medium,2019,2019.5,75.084,88.339,163.423,368.07
Cyprus,196,2,Medium,2019,2019.5,599.297,599.2769999999999,1198.5739999999998,129.716
Czechia,203,2,Medium,2019,2019.5,5260.628000000001,5428.585,10689.213,138.39
Cote d'Ivoire,384,2,Medium,2019,2019.5,12974.206,12742.348,25716.554,80.87
Dem. People's Republic of Korea,408,2,Medium,2019,2019.5,12552.761999999999,13113.396,25666.158,213.15599999999998
Congo (Kinshasa),180,2,Medium,2019,2019.5,43319.102999999996,43471.465,86790.56800000001,38.283
Denmark,208,2,Medium,2019,2019.5,2869.672,2902.205,5771.8769999999995,136.033
Denmark (and dependencies),1106,2,Medium,2019,2019.5,2924.8190000000004,2952.395,5877.214,12.937999999999999
Djibouti,262,2,Medium,2019,2019.5,511.94699999999995,461.61,973.557,42.0
Dominica,212,2,Medium,2019,2019.5,,,71.808,95.744
Dominican Republic,214,2,Medium,2019,2019.5,5366.198,5372.759,10738.957,222.247
ECE: North America-2,1737,2,Medium,2019,2019.5,181389.837,185086.11800000002,366475.955,20.090999999999998
ECE: UNECE-52,1736,2,Medium,2019,2019.5,632408.121,664084.475,1296492.596,28.631999999999998
ECLAC: Latin America,1744,2,Medium,2019,2019.5,312928.255,323144.531,636072.786,32.41
ECLAC: The Caribbean,1746,2,Medium,2019,2019.5,5873.210999999999,6171.5869999999995,12044.798,24.015
ESCAP region: East and North-East Asia,1071,2,Medium,2019,2019.5,841092.913,807744.3259999999,1648837.239,143.066
ESCAP region: North and Central Asia,1074,2,Medium,2019,2019.5,112163.19900000001,123923.381,236086.58,11.525
ESCAP region: Pacific,1075,2,Medium,2019,2019.5,21081.501,21033.781000000003,42115.282,4.963
ESCAP region: South and South-West Asia,1073,2,Medium,2019,2019.5,1030665.74,970975.2629999999,2001641.003,279.178
ESCAP region: South-East Asia,1072,2,Medium,2019,2019.5,330672.968,331338.878,662011.846,152.513
ESCAP: ADB Developing member countries (DMCs),2061,2,Medium,2019,2019.5,2062539.0869999998,1967041.345,4029580.432,163.321
ESCAP: ADB Group A (Concessional assistance only),2058,2,Medium,2019,2019.5,79684.284,83282.455,162966.739,71.714
ESCAP: ADB Group B (OCR blend),2059,2,Medium,2019,2019.5,927234.0970000001,865089.27,1792323.3669999999,283.533
ESCAP: ADB Group C (Regular OCR only),2060,2,Medium,2019,2019.5,1055620.706,1018669.62,2074290.326,129.007
ESCAP: ASEAN,1054,2,Medium,2019,2019.5,330019.461,330699.265,660718.726,152.738
ESCAP: Central Asia,1057,2,Medium,2019,2019.5,44560.259000000005,45654.060999999994,90214.32,21.964000000000002
ESCAP: ECO,1055,2,Medium,2019,2019.5,255304.15399999998,248906.25,504210.404,64.383
ESCAP: HDI groups,2049,2,Medium,2019,2019.5,2335676.321,2255015.629,4590691.95,88.272
ESCAP: Landlocked countries (LLDCs),1060,2,Medium,2019,2019.5,80825.188,83200.558,164025.74599999998,24.641
ESCAP: Least Developed Countries (LDCs),1059,2,Medium,2019,2019.5,154356.191,156197.054,310553.245,149.233
ESCAP: Pacific island dev. econ.,1058,2,Medium,2019,2019.5,6179.028,5949.991999999999,12129.02,22.432
ESCAP: SAARC,1056,2,Medium,2019,2019.5,947602.141,887695.3620000001,1835297.503,384.631
ESCAP: WB High income econ.,2048,2,Medium,2019,2019.5,109894.67599999999,113288.76199999999,223183.438,26.451999999999998
ESCAP: WB Low income econ.,2045,2,Medium,2019,2019.5,45129.442,47187.187999999995,92316.63,100.714
ESCAP: WB Lower middle income econ.,2046,2,Medium,2019,2019.5,1224316.923,1163178.3020000001,2387495.225,231.62400000000002
ESCAP: WB Upper middle income econ.,2047,2,Medium,2019,2019.5,956325.88,931351.6159999999,1887677.496,58.363
ESCAP: WB income groups,2044,2,Medium,2019,2019.5,2335666.921,2255005.8680000002,4590672.789,88.273
ESCAP: high HDI,2053,2,Medium,2019,2019.5,109605.67,113004.962,222610.63199999998,26.453000000000003
ESCAP: high income,1064,2,Medium,2019,2019.5,109718.304,113117.87199999999,222836.176,26.423000000000002
ESCAP: income groups,2054,2,Medium,2019,2019.5,2335676.321,2255015.629,4590691.95,88.272
ESCAP: low HDI,2050,2,Medium,2019,2019.5,985163.4940000001,926572.122,1911735.616,297.845
ESCAP: low income,1062,2,Medium,2019,2019.5,1065375.937,1007654.0920000001,2073030.029,277.71
ESCAP: lower middle HDI,2051,2,Medium,2019,2019.5,1047473.76,1010411.5190000001,2057885.279,135.97299999999998
ESCAP: lower middle income,2055,2,Medium,2019,2019.5,290199.09,290069.186,580268.2760000001,88.73200000000001
ESCAP: other Asia-Pacific countries/areas,1065,2,Medium,2019,2019.5,105881.234,91599.81599999999,197481.05,50.882
ESCAP: upper middle HDI,2052,2,Medium,2019,2019.5,193433.397,205027.026,398460.42299999995,18.081
ESCAP: upper middle income,2056,2,Medium,2019,2019.5,870382.99,844174.479,1714557.469,57.986000000000004
ESCWA: Arab countries,2062,2,Medium,2019,2019.5,221900.697,206265.69199999998,428166.38899999997,32.909
ESCWA: Arab least developed countries,2066,2,Medium,2019,2019.5,46993.435999999994,46774.775,93768.211,23.583000000000002
ESCWA: Gulf Cooperation Council countries,2065,2,Medium,2019,2019.5,35586.159,22108.2,57694.359000000004,22.423000000000002
ESCWA: Maghreb countries,2063,2,Medium,2019,2019.5,49063.328,48933.666,97996.994,20.662
ESCWA: Mashreq countries,2064,2,Medium,2019,2019.5,90257.774,88449.05099999999,178706.825,103.994
ESCWA: member countries,1765,2,Medium,2019,2019.5,191509.678,176336.303,367845.981,36.872
East African Community (EAC),1563,2,Medium,2019,2019.5,94371.773,95696.871,190068.64399999997,82.066
Eastern Africa,910,2,Medium,2019,2019.5,215283.75699999998,218621.18600000002,433904.94299999997,65.078
Eastern Asia,906,2,Medium,2019,2019.5,852917.036,819694.084,1672611.12,144.684
Eastern Europe,923,2,Medium,2019,2019.5,138023.995,155420.926,293444.92100000003,16.255
Eastern European Group,1825,2,Medium,2019,2019.5,160876.43,179437.258,340313.68799999997,18.217
Eastern and South-Eastern Asia,1832,2,Medium,2019,2019.5,1183590.004,1151032.962,2334622.966,146.821
Economic Community of Central African States (ECCAS),1538,2,Medium,2019,2019.5,98896.36300000001,99569.579,198465.94199999998,30.313000000000002
Economic Community of West African States (ECOWAS),1540,2,Medium,2019,2019.5,194712.077,192196.31100000002,386908.388,76.875
Economic Cooperation Organization (ECO),1547,2,Medium,2019,2019.5,255304.15399999998,248906.25,504210.404,64.383
Ecuador,218,2,Medium,2019,2019.5,8690.487,8683.17,17373.657,69.954
Egypt,818,2,Medium,2019,2019.5,50722.599,49665.477,100388.076,100.84700000000001
El Salvador,222,2,Medium,2019,2019.5,3023.353,3430.197,6453.55,311.465
Equatorial Guinea,226,2,Medium,2019,2019.5,753.823,602.159,1355.9820000000002,48.342
Eritrea,232,2,Medium,2019,2019.5,1752.711,1744.406,3497.117,34.625
Estonia,233,2,Medium,2019,2019.5,626.626,699.023,1325.649,31.273000000000003
Eswatini,748,2,Medium,2019,2019.5,562.79,585.3430000000001,1148.133,66.752
Ethiopia,231,2,Medium,2019,2019.5,56069.008,56009.719000000005,112078.727,112.079
Eurasian Economic Community (Eurasec),1546,2,Medium,2019,2019.5,105324.57800000001,117270.10800000001,222594.68600000002,11.109000000000002
Europe,917,2,Medium,2019,2019.5,360711.588,386471.227,747182.815,33.756
Europe,908,2,Medium,2019,2019.5,360711.588,386471.227,747182.815,33.756
Europe (48),1506,2,Medium,2019,2019.5,360711.588,386471.227,747182.815,33.756
Europe and Northern America,1829,2,Medium,2019,2019.5,542163.8910000001,571619.868,1113783.759,27.308000000000003
European Community (EC: 12),1550,2,Medium,2019,2019.5,188353.435,195716.56100000002,384069.99600000004,164.88
European Free Trade Agreement (EFTA),1544,2,Medium,2019,2019.5,7166.517,7180.76,14347.277,28.4
European Union (EU: 15),1549,2,Medium,2019,2019.5,200515.622,208078.032,408593.654,130.707
European Union (EU: 28),986,2,Medium,2019,2019.5,250845.723,261671.206,512516.929,120.883
Falkland Islands (Malvinas),238,2,Medium,2019,2019.5,,,3.372,0.27699999999999997
Faroe Islands,234,2,Medium,2019,2019.5,,,48.677,34.869
Fiji,242,2,Medium,2019,2019.5,450.959,438.996,889.955,48.711000000000006
Finland,246,2,Medium,2019,2019.5,2727.21,2804.949,5532.159000000001,18.204
France,250,2,Medium,2019,2019.5,31524.494,33605.237,65129.731,118.946
France (and dependencies),1107,2,Medium,2019,2019.5,32902.008,35076.39,67978.398,103.35700000000001
French Guiana,254,2,Medium,2019,2019.5,143.766,147.05700000000002,290.823,3.5380000000000003
French Polynesia,258,2,Medium,2019,2019.5,141.49200000000002,137.793,279.285,76.307
Gabon,266,2,Medium,2019,2019.5,1106.192,1066.386,2172.578,8.432
Gambia,270,2,Medium,2019,2019.5,1164.364,1183.3319999999999,2347.696,231.986
Georgia,268,2,Medium,2019,2019.5,1905.743,2091.019,3996.762,57.516000000000005
Germany,276,2,Medium,2019,2019.5,41249.115,42267.931,83517.046,239.606
Ghana,288,2,Medium,2019,2019.5,15416.086000000001,15001.771999999999,30417.857999999997,133.681
Gibraltar,292,2,Medium,2019,2019.5,,,33.705999999999996,3370.6
Greater Arab Free Trade Area (GAFTA),1536,2,Medium,2019,2019.5,210987.50100000002,195385.836,406373.33700000006,35.875
Greece,300,2,Medium,2019,2019.5,5140.52,5332.932,10473.452,81.253
Greenland,304,2,Medium,2019,2019.5,,,56.66,0.138
Grenada,308,2,Medium,2019,2019.5,56.426,55.576,112.00200000000001,329.418
Group of 77 (G77),1556,2,Medium,2019,2019.5,3081556.65,2978538.312,6060094.962,81.595
Group of Eight (G8),1523,2,Medium,2019,2019.5,446529.166,469406.37799999997,915935.5440000001,25.153000000000002
Group of Seven (G7),1522,2,Medium,2019,2019.5,378926.226,391137.05799999996,770063.2840000001,38.431
Group of Twenty (G20) - member states,1524,2,Medium,2019,2019.5,2344548.037,2278305.169,4622853.206,61.199
Guadeloupe,312,2,Medium,2019,2019.5,184.68599999999998,215.362,400.048,245.73
Guam,316,2,Medium,2019,2019.5,84.43700000000001,82.85799999999999,167.295,309.806
Guatemala,320,2,Medium,2019,2019.5,8659.95,8921.526,17581.476000000002,164.06799999999998
Guinea,324,2,Medium,2019,2019.5,6166.075,6605.170999999999,12771.246000000001,51.975
Guinea-Bissau,624,2,Medium,2019,2019.5,938.863,982.054,1920.9170000000001,68.311
Gulf Cooperation Council (GCC),1561,2,Medium,2019,2019.5,35586.159,22108.2,57694.359000000004,22.423000000000002
Guyana,328,2,Medium,2019,2019.5,393.27099999999996,389.504,782.775,3.977
Haiti,332,2,Medium,2019,2019.5,5557.596,5705.483,11263.079,408.675
High-income countries,1503,2,Medium,2019,2019.5,626227.58,631815.904,1258043.4840000002,33.205999999999996
Holy See,336,2,Medium,2019,2019.5,,,0.815,1852.273
Honduras,340,2,Medium,2019,2019.5,4868.994000000001,4877.121,9746.115,87.104
Hungary,348,2,Medium,2019,2019.5,4608.25,5076.43,9684.68,106.978
Iceland,352,2,Medium,2019,2019.5,170.23,168.80700000000002,339.037,3.3819999999999997
India,356,2,Medium,2019,2019.5,710129.572,656288.184,1366417.756,459.58
Indonesia,360,2,Medium,2019,2019.5,136269.761,134355.80599999998,270625.567,149.387
Iran,364,2,Medium,2019,2019.5,41889.89,41024.003,82913.893,50.913000000000004
Iraq,368,2,Medium,2019,2019.5,19891.814,19417.975,39309.789,90.509
Ireland,372,2,Medium,2019,2019.5,2422.4179999999997,2460.08,4882.498,70.874
Isle of Man,833,2,Medium,2019,2019.5,,,84.589,148.40200000000002
Israel,376,2,Medium,2019,2019.5,4237.327,4282.045999999999,8519.373,393.686
Italy,380,2,Medium,2019,2019.5,29461.035,31089.057,60550.092000000004,205.855
Jamaica,388,2,Medium,2019,2019.5,1463.72,1484.557,2948.277,272.232
Japan,392,2,Medium,2019,2019.5,61950.31,64909.989,126860.299,347.98699999999997
Jordan,400,2,Medium,2019,2019.5,5113.215,4988.482,10101.697,113.78299999999999
Kazakhstan,398,2,Medium,2019,2019.5,8999.754,9551.674,18551.428,6.872000000000001
Kenya,404,2,Medium,2019,2019.5,26122.382,26451.585,52573.967000000004,92.374
Kiribati,296,2,Medium,2019,2019.5,57.821999999999996,59.786,117.60799999999999,145.195
Kuwait,414,2,Medium,2019,2019.5,2563.055,1644.0220000000002,4207.077,236.08700000000002
Kyrgyzstan,417,2,Medium,2019,2019.5,3173.902,3241.949,6415.851,33.451
LLDC: Africa,2087,2,Medium,2019,2019.5,165093.74,167168.74800000002,332262.488,39.827
LLDC: Asia,2088,2,Medium,2019,2019.5,80825.188,83200.558,164025.74599999998,24.641
LLDC: Europe,2089,2,Medium,2019,2019.5,2980.153,3146.563,6126.715999999999,105.506
LLDC: Latin America,2090,2,Medium,2019,2019.5,9360.499,9197.242,18557.741,12.534
Land-locked Countries,1607,2,Medium,2019,2019.5,288538.94899999996,294801.328,583340.277,33.976
Land-locked Countries (Others),1674,2,Medium,2019,2019.5,30279.369,32088.217,62367.585999999996,98.771
Land-locked Developing Countries (LLDC),1636,2,Medium,2019,2019.5,258259.58,262713.11100000003,520972.691,31.502
Laos,418,2,Medium,2019,2019.5,3599.028,3570.428,7169.456,31.064
Latin America and the Caribbean,904,2,Medium,2019,2019.5,318803.128,329317.828,648120.956,32.181999999999995
Latin America and the Caribbean,1830,2,Medium,2019,2019.5,318803.128,329317.828,648120.956,32.181999999999995
Latin American Integration Association (ALADI),1532,2,Medium,2019,2019.5,279703.641,288992.904,568696.545,29.715
Latin American and Caribbean Group (GRULAC),1826,2,Medium,2019,2019.5,316600.441,326873.734,643474.175,32.125
Latvia,428,2,Medium,2019,2019.5,877.948,1028.792,1906.74,30.655
"League of Arab States (LAS, informal name: Arab League)",1559,2,Medium,2019,2019.5,221900.697,206265.69199999998,428166.38899999997,32.909
Least developed countries,941,2,Medium,2019,2019.5,513951.412,519437.456,1033388.868,51.315
Least developed: Africa,1475,2,Medium,2019,2019.5,339345.341,343065.281,682410.622,38.991
Least developed: Asia,1476,2,Medium,2019,2019.5,168492.35199999998,170123.849,338616.201,131.863
Least developed: Latin America and the Caribbean,1477,2,Medium,2019,2019.5,5557.596,5705.483,11263.079,408.675
Least developed: Oceania,1478,2,Medium,2019,2019.5,556.123,542.8430000000001,1098.9660000000001,26.791
Lebanon,422,2,Medium,2019,2019.5,3449.2459999999996,3406.4629999999997,6855.709,670.1569999999999
Lesotho,426,2,Medium,2019,2019.5,1047.944,1077.323,2125.2670000000003,70.002
Less developed regions,902,2,Medium,2019,2019.5,3270017.937,3172819.9480000003,6442837.885,79.544
"Less developed regions, excluding China",948,2,Medium,2019,2019.5,2518843.3619999997,2458360.347,4977203.709,69.541
"Less developed regions, excluding least developed countries",934,2,Medium,2019,2019.5,2756066.525,2653382.492,5409449.017000001,88.885
Less developed: Africa,1479,2,Medium,2019,2019.5,653513.68,654550.496,1308064.176,44.119
Less developed: Asia,1480,2,Medium,2019,2019.5,2291515.935,2182995.0319999997,4474510.967,145.899
Less developed: Latin America and the Caribbean,1481,2,Medium,2019,2019.5,318803.128,329317.828,648120.956,32.181999999999995
Less developed: Oceania,1482,2,Medium,2019,2019.5,6185.194,5956.592,12141.786,22.449
Liberia,430,2,Medium,2019,2019.5,2481.116,2456.258,4937.374,51.26
Libya,434,2,Medium,2019,2019.5,3422.619,3354.8340000000003,6777.453,3.852
Liechtenstein,438,2,Medium,2019,2019.5,,,38.02,237.625
Lithuania,440,2,Medium,2019,2019.5,1276.4769999999999,1483.154,2759.631,44.032
Low-income countries,1500,2,Medium,2019,2019.5,375045.225,380804.516,755849.7409999999,50.919
Lower-middle-income countries,1501,2,Medium,2019,2019.5,1559059.9130000002,1498648.971,3057708.8839999996,142.498
Luxembourg,442,2,Medium,2019,2019.5,311.11,304.62,615.73,237.734
Madagascar,450,2,Medium,2019,2019.5,13452.928999999998,13516.377,26969.306,46.355
Malawi,454,2,Medium,2019,2019.5,9185.278,9443.471,18628.749,197.59
Malaysia,458,2,Medium,2019,2019.5,16423.164,15526.625,31949.789,97.245
Maldives,462,2,Medium,2019,2019.5,336.07,194.887,530.957,1769.8570000000002
Mali,466,2,Medium,2019,2019.5,9844.537,9813.485999999999,19658.023,16.111
Malta,470,2,Medium,2019,2019.5,220.783,219.59400000000002,440.37699999999995,1376.1779999999999
Marshall Islands,584,2,Medium,2019,2019.5,,,58.791000000000004,326.617
Martinique,474,2,Medium,2019,2019.5,172.972,202.585,375.55699999999996,354.29900000000004
Mauritania,478,2,Medium,2019,2019.5,2271.843,2253.855,4525.698,4.391
Mauritius,480,2,Medium,2019,2019.5,626.971,642.6990000000001,1269.67,625.453
Mayotte,175,2,Medium,2019,2019.5,130.865,135.28799999999998,266.153,709.7410000000001
Melanesia,928,2,Medium,2019,2019.5,5565.816,5352.718000000001,10918.534,20.616999999999997
Mexico,484,2,Medium,2019,2019.5,62403.393,65172.136,127575.52900000001,65.627
Micronesia,954,2,Medium,2019,2019.5,274.61400000000003,268.869,543.4830000000001,171.446
Micronesia (Fed. States of),583,2,Medium,2019,2019.5,57.867,55.943999999999996,113.811,162.58700000000002
Middle Africa,911,2,Medium,2019,2019.5,86971.289,87337.138,174308.427,26.83
Middle-income countries,1517,2,Medium,2019,2019.5,2886342.6560000004,2810324.6580000003,5696667.313999999,73.986
Monaco,492,2,Medium,2019,2019.5,,,38.967,26152.349
Mongolia,496,2,Medium,2019,2019.5,1589.932,1635.234,3225.1659999999997,2.076
Montenegro,499,2,Medium,2019,2019.5,310.506,317.482,627.988,46.691
Montserrat,500,2,Medium,2019,2019.5,,,4.9910000000000005,49.91
More developed regions,901,2,Medium,2019,2019.5,619016.674,651613.6460000001,1270630.32,25.88
More developed: Asia,1483,2,Medium,2019,2019.5,61950.31,64909.989,126860.299,347.98699999999997
More developed: Europe,1484,2,Medium,2019,2019.5,360711.588,386471.227,747182.815,33.756
More developed: Northern America,1485,2,Medium,2019,2019.5,181452.303,185148.641,366600.94399999996,19.655
More developed: Oceania,1486,2,Medium,2019,2019.5,14902.473,15083.788999999999,29986.262000000002,3.7739999999999996
Morocco,504,2,Medium,2019,2019.5,18093.063000000002,18378.703,36471.766,81.72
Mozambique,508,2,Medium,2019,2019.5,14745.851,15620.192,30366.042999999998,38.615
Burma,104,2,Medium,2019,2019.5,26044.666,28000.756,54045.422,82.728
Namibia,516,2,Medium,2019,2019.5,1208.862,1285.662,2494.524,3.03
Nauru,520,2,Medium,2019,2019.5,,,10.764000000000001,538.2
Nepal,524,2,Medium,2019,2019.5,13046.953000000001,15561.761999999999,28608.715,199.572
Netherlands,528,2,Medium,2019,2019.5,8514.835,8582.288,17097.123,507.032
Netherlands (and dependencies),1108,2,Medium,2019,2019.5,8674.190999999999,8761.037,17435.228,502.369
New Caledonia,540,2,Medium,2019,2019.5,142.226,140.531,282.757,15.468
New EU member states (joined since 2004),1552,2,Medium,2019,2019.5,50330.100999999995,53593.174000000006,103923.275,93.31
New Zealand,554,2,Medium,2019,2019.5,2351.1620000000003,2431.9,4783.062,18.165
New Zealand (and dependencies),1109,2,Medium,2019,2019.5,2361.203,2442.35,4803.553,18.208
Nicaragua,558,2,Medium,2019,2019.5,3225.9840000000004,3319.5190000000002,6545.503000000001,54.391999999999996
Niger,562,2,Medium,2019,2019.5,11714.461000000001,11596.258,23310.718999999997,18.403
Nigeria,566,2,Medium,2019,2019.5,101831.87400000001,99131.729,200963.603,220.65200000000002
Niue,570,2,Medium,2019,2019.5,,,1.614,6.207999999999999
No income group available,1518,2,Medium,2019,2019.5,1419.15,1488.516,2907.6659999999997,7.907
Non-Self-Governing Territories,1615,2,Medium,2019,2019.5,878.128,853.573,1731.701,5.712000000000001
North American Free Trade Agreement (NAFTA),1520,2,Medium,2019,2019.5,243793.23,250258.254,494051.484,24.476
North Atlantic Treaty Organization (NATO),1555,2,Medium,2019,2019.5,462668.917,477935.26399999997,940604.181,41.107
North Macedonia,807,2,Medium,2019,2019.5,1042.305,1041.153,2083.458,82.611
Northern Africa,912,2,Medium,2019,2019.5,121478.638,120302.127,241780.765,31.119
Northern Africa and Western Asia,1833,2,Medium,2019,2019.5,265615.435,251490.12300000002,517105.55799999996,41.123000000000005
Northern America,918,2,Medium,2019,2019.5,181452.303,185148.641,366600.94399999996,19.655
Northern America,905,2,Medium,2019,2019.5,181452.303,185148.641,366600.94399999996,19.655
Northern Europe,924,2,Medium,2019,2019.5,52217.032,53551.5,105768.53199999999,62.128
Northern Mariana Islands,580,2,Medium,2019,2019.5,,,57.213,124.376
Norway,578,2,Medium,2019,2019.5,2716.812,2662.047,5378.859,14.725999999999999
Oceania,909,2,Medium,2019,2019.5,21087.667,21040.381,42128.047999999995,4.9639999999999995
Oceania (excluding Australia and New Zealand),1835,2,Medium,2019,2019.5,6185.194,5956.592,12141.786,22.449
Oman,512,2,Medium,2019,2019.5,3284.448,1690.5439999999999,4974.992,16.074
Organisation for Economic Co-operation and Development (OECD),1505,2,Medium,2019,2019.5,643413.27,664303.372,1307716.642,37.94
Organization for Security and Co-operation in Europe (OSCE),2086,2,Medium,2019,2019.5,629855.249,661531.952,1291387.201,27.586
Organization of American States (OAS),2085,2,Medium,2019,2019.5,497990.278,511959.852,1009950.13,26.389
Organization of Petroleum Exporting countries (OPEC),1521,2,Medium,2019,2019.5,260927.12300000002,246960.65,507887.773,41.056999999999995
Organization of the Islamic Conference (OIC),1570,2,Medium,2019,2019.5,950183.428,922658.895,1872842.323,60.068000000000005
Pakistan,586,2,Medium,2019,2019.5,111447.58099999999,105117.73599999999,216565.31699999998,280.933
Palau,585,2,Medium,2019,2019.5,,,18.000999999999998,39.133
Panama,591,2,Medium,2019,2019.5,2126.4339999999997,2120.006,4246.44,57.122
Papua New Guinea,598,2,Medium,2019,2019.5,4480.0109999999995,4296.108,8776.119,19.379
Paraguay,600,2,Medium,2019,2019.5,3580.888,3463.7509999999997,7044.639,17.730999999999998
Peru,604,2,Medium,2019,2019.5,16148.241000000002,16362.221000000001,32510.462000000003,25.399
Philippines,608,2,Medium,2019,2019.5,54316.072,53800.55,108116.62199999999,362.601
Poland,616,2,Medium,2019,2019.5,18360.539,19527.232,37887.771,123.723
Polynesia,957,2,Medium,2019,2019.5,344.764,335.005,679.7689999999999,84.02600000000001
Portugal,620,2,Medium,2019,2019.5,4836.674,5389.504,10226.178,111.652
Puerto Rico,630,2,Medium,2019,2019.5,1391.9660000000001,1541.4379999999999,2933.4040000000005,330.711
Qatar,634,2,Medium,2019,2019.5,2133.521,698.55,2832.071,243.93400000000003
"Korea, South",410,2,Medium,2019,2019.5,25649.457000000002,25575.863999999998,51225.320999999996,526.847
Moldova,498,2,Medium,2019,2019.5,1937.848,2105.41,4043.258,123.08200000000001
Romania,642,2,Medium,2019,2019.5,9418.287,9946.271,19364.558,84.132
Russia,643,2,Medium,2019,2019.5,67602.94,78269.32,145872.26,8.907
Rwanda,646,2,Medium,2019,2019.5,6206.085999999999,6420.852,12626.938,511.834
Réunion,638,2,Medium,2019,2019.5,430.284,458.648,888.932,355.57300000000004
"SIDS Atlantic, and Indian Ocean, Mediterranean and South China Sea (AIMS)",2093,2,Medium,2019,2019.5,8421.2,7569.584,15990.784,37.205
SIDS Caribbean,2091,2,Medium,2019,2019.5,21387.879,21921.144,43309.023,191.90400000000002
SIDS Pacific,2092,2,Medium,2019,2019.5,6179.028,5949.991999999999,12129.02,22.432
Saint Barthélemy,652,2,Medium,2019,2019.5,,,9.853,447.86400000000003
Saint Helena,654,2,Medium,2019,2019.5,,,6.061,15.540999999999999
Saint Kitts and Nevis,659,2,Medium,2019,2019.5,,,52.833999999999996,203.208
Saint Lucia,662,2,Medium,2019,2019.5,90.021,92.774,182.795,299.664
Saint Martin (French part),663,2,Medium,2019,2019.5,,,38.001999999999995,717.0189999999999
Saint Pierre and Miquelon,666,2,Medium,2019,2019.5,,,5.821000000000001,25.309
Saint Vincent and the Grenadines,670,2,Medium,2019,2019.5,56.097,54.496,110.59299999999999,283.572
Samoa,882,2,Medium,2019,2019.5,102.00399999999999,95.089,197.093,69.64399999999999
San Marino,674,2,Medium,2019,2019.5,,,33.864000000000004,564.4
Sao Tome and Principe,678,2,Medium,2019,2019.5,107.611,107.43700000000001,215.048,224.00799999999998
Saudi Arabia,682,2,Medium,2019,2019.5,19783.532,14484.997,34268.529,15.940999999999999
Senegal,686,2,Medium,2019,2019.5,7946.433000000001,8349.929,16296.362,84.64299999999999
Serbia,688,2,Medium,2019,2019.5,4297.444,4474.784000000001,8772.228000000001,100.3
Seychelles,690,2,Medium,2019,2019.5,50.167,47.574,97.741,212.48
Shanghai Cooperation Organization (SCO),2073,2,Medium,2019,2019.5,1658126.0769999998,1571782.965,3229909.042,97.977
Sierra Leone,694,2,Medium,2019,2019.5,3898.35,3914.857,7813.206999999999,108.24600000000001
Singapore,702,2,Medium,2019,2019.5,3038.2259999999997,2766.117,5804.343000000001,8291.919
Sint Maarten (Dutch part),534,2,Medium,2019,2019.5,,,42.388999999999996,1246.735
Slovakia,703,2,Medium,2019,2019.5,2656.513,2800.4990000000003,5457.012,113.48
Slovenia,705,2,Medium,2019,2019.5,1034.684,1043.97,2078.654,103.21
Small Island Developing States (SIDS),1637,2,Medium,2019,2019.5,35988.107,35440.72,71428.827,59.714
Solomon Islands,90,2,Medium,2019,2019.5,340.582,329.23900000000003,669.821,23.930999999999997
Somalia,706,2,Medium,2019,2019.5,7700.196,7742.71,15442.906,24.616
South Africa,710,2,Medium,2019,2019.5,28859.302000000003,29698.965,58558.267,48.272
South America,931,2,Medium,2019,2019.5,210376.84,216822.585,427199.425,24.465999999999998
South Asian Association for Regional Cooperation (SAARC),1321,2,Medium,2019,2019.5,947602.141,887695.3620000001,1835297.503,384.631
South Sudan,728,2,Medium,2019,2019.5,5536.53,5525.584,11062.114,18.105999999999998
South-Eastern Asia,920,2,Medium,2019,2019.5,330672.968,331338.878,662011.846,152.513
Southern Africa,913,2,Medium,2019,2019.5,32793.013999999996,33836.88,66629.894,25.136999999999997
Southern African Development Community (SADC),1564,2,Medium,2019,2019.5,175154.49,178785.639,353940.12899999996,36.688
Southern Asia,5501,2,Medium,2019,2019.5,989492.031,928719.365,1918211.396,299.715
Southern Common Market (MERCOSUR),1534,2,Medium,2019,2019.5,150652.191,155713.304,306365.495,22.473000000000003
Southern Europe,925,2,Medium,2019,2019.5,74451.62,77995.33,152446.95,117.727
Spain,724,2,Medium,2019,2019.5,22960.647999999997,23776.134,46736.782,93.698
Sri Lanka,144,2,Medium,2019,2019.5,10233.415,11090.319,21323.734,340.037
State of Palestine,275,2,Medium,2019,2019.5,2526.35,2455.072,4981.4220000000005,827.4789999999999
Sub-Saharan Africa,947,2,Medium,2019,2019.5,532035.042,534248.369,1066283.4109999998,48.735
Sudan,729,2,Medium,2019,2019.5,21387.956000000002,21425.281000000003,42813.237,24.256
Suriname,740,2,Medium,2019,2019.5,292.255,289.108,581.363,3.727
Sweden,752,2,Medium,2019,2019.5,5025.597,5010.794,10036.391,24.459
Switzerland,756,2,Medium,2019,2019.5,4260.661,4330.7,8591.360999999999,217.415
Syria,760,2,Medium,2019,2019.5,8554.55,8515.582,17070.131999999998,92.959
Tajikistan,762,2,Medium,2019,2019.5,4697.9529999999995,4623.07,9321.023000000001,66.598
Thailand,764,2,Medium,2019,2019.5,33904.846,35720.735,69625.58099999999,136.283
Timor-Leste,626,2,Medium,2019,2019.5,653.507,639.613,1293.12,86.962
Togo,768,2,Medium,2019,2019.5,4020.6459999999997,4061.7129999999997,8082.359,148.6
Tokelau,772,2,Medium,2019,2019.5,,,1.33,133.0
Tonga,776,2,Medium,2019,2019.5,52.286,52.211000000000006,104.49700000000001,145.135
Trinidad and Tobago,780,2,Medium,2019,2019.5,688.982,705.987,1394.969,271.92400000000004
Tunisia,788,2,Medium,2019,2019.5,5797.98,5896.741,11694.721000000001,75.275
Turkey,792,2,Medium,2019,2019.5,41173.709,42255.898,83429.607,108.402
Turkmenistan,795,2,Medium,2019,2019.5,2925.688,3016.406,5942.094,12.645
Turks and Caicos Islands,796,2,Medium,2019,2019.5,,,38.194,40.204
Tuvalu,798,2,Medium,2019,2019.5,,,11.655,388.5
UN-ECE: member countries,1735,2,Medium,2019,2019.5,632502.267,664178.326,1296680.5929999999,28.636
UNFPA Regions,1819,2,Medium,2019,2019.5,3220255.434,3138544.8439999996,6358800.278,80.319
UNFPA: Arab States (AS),1611,2,Medium,2019,2019.5,186897.93300000002,183172.5,370070.43299999996,38.095
UNFPA: Asia and the Pacific (AP),1610,2,Medium,2019,2019.5,2072422.9309999999,1975526.176,4047949.107,181.40400000000002
UNFPA: East and Southern Africa (ESA),1703,2,Medium,2019,2019.5,298317.19399999996,303164.221,601481.415,49.391000000000005
UNFPA: Eastern Europe and Central Asia (EECA),1612,2,Medium,2019,2019.5,120874.085,127296.74900000001,248170.83399999997,42.183
UNFPA: Latin America and the Caribbean (LAC),1613,2,Medium,2019,2019.5,316851.964,327149.87899999996,644001.843,32.147
UNFPA: West and Central Africa (WCA),1704,2,Medium,2019,2019.5,224891.327,222235.319,447126.646,49.424
UNICEF PROGRAMME REGIONS,1818,2,Medium,2019,2019.5,3266652.233,3173891.64,6440543.873,78.708
UNICEF Programme Regions: East Asia and Pacific (EAPRO),1586,2,Medium,2019,2019.5,1082930.9,1046806.811,2129737.711,133.82399999999998
UNICEF Programme Regions: Eastern Caribbean,2042,2,Medium,2019,2019.5,1183.379,1213.848,2397.2270000000003,248.675
UNICEF Programme Regions: Eastern and Southern Africa (ESARO),1587,2,Medium,2019,2019.5,262071.31600000002,266792.767,528864.083,50.193999999999996
UNICEF Programme Regions: Europe and Central Asia (CEECIS),1585,2,Medium,2019,2019.5,135992.947,143300.84900000002,279293.79600000003,44.393
UNICEF Programme Regions: Latin America,2041,2,Medium,2019,2019.5,315271.782,325503.77,640775.552,32.019
UNICEF Programme Regions: Latin America and Caribbean (LACRO),1589,2,Medium,2019,2019.5,316455.161,326717.618,643172.779,32.124
UNICEF Programme Regions: Middle East and North Africa (MENARO),1590,2,Medium,2019,2019.5,253389.33800000002,236871.449,490260.787,37.773
UNICEF Programme Regions: South Asia (ROSA),1591,2,Medium,2019,2019.5,947602.141,887695.3620000001,1835297.503,384.631
UNICEF Programme Regions: West and Central Africa (WCARO),1592,2,Medium,2019,2019.5,268210.43,265706.784,533917.214,47.192
UNICEF REGIONS,2035,2,Medium,2019,2019.5,3889034.611,3824433.5939999996,7713468.205,59.291000000000004
UNICEF Regions: East Asia and Pacific,2036,2,Medium,2019,2019.5,1204677.6709999999,1172073.3429999999,2376751.014,97.45700000000001
UNICEF Regions: Eastern Europe and Central Asia,2034,2,Medium,2019,2019.5,203595.887,221570.169,425166.05600000004,18.756
UNICEF Regions: Eastern and Southern Africa,2039,2,Medium,2019,2019.5,285209.506,289963.86699999997,575173.373,46.648999999999994
UNICEF Regions: Europe and Central Asia,2029,2,Medium,2019,2019.5,447044.85299999994,474980.463,922025.316,34.122
UNICEF Regions: Latin America and Caribbean,2031,2,Medium,2019,2019.5,318803.128,329317.828,648120.956,32.181999999999995
UNICEF Regions: Middle East and North Africa,2037,2,Medium,2019,2019.5,236031.517,219544.307,455575.82399999996,39.689
UNICEF Regions: North America,2032,2,Medium,2019,2019.5,181452.303,185148.641,366600.94399999996,19.655
UNICEF Regions: South Asia,2038,2,Medium,2019,2019.5,947602.141,887695.3620000001,1835297.503,384.631
UNICEF Regions: Sub-Saharan Africa,2033,2,Medium,2019,2019.5,553422.998,555673.65,1109096.648,46.908
UNICEF Regions: West and Central Africa,2040,2,Medium,2019,2019.5,268213.49199999997,265709.783,533923.275,47.191
UNICEF Regions: Western Europe,2030,2,Medium,2019,2019.5,243448.96600000001,253410.294,496859.26,114.14299999999999
UNITED NATIONS Regional Groups of Member States,1822,2,Medium,2019,2019.5,3886203.1289999997,3821700.381,7707903.418,59.373000000000005
Uganda,800,2,Medium,2019,2019.5,21807.166,22462.421000000002,44269.587,221.558
Ukraine,804,2,Medium,2019,2019.5,20379.023,23614.62,43993.643,75.94
United Arab Emirates,784,2,Medium,2019,2019.5,6766.806,3003.72,9770.526,116.87200000000001
United Kingdom,826,2,Medium,2019,2019.5,33351.435,34178.726,67530.161,279.131
United Kingdom (and dependencies),1110,2,Medium,2019,2019.5,33605.727999999996,34439.971,68045.69900000001,264.934
United Nations Economic Commission for Africa (UN-ECA),1730,2,Medium,2019,2019.5,652644.714,653675.858,1306320.572,44.464
United Nations Economic Commission for Latin America and the Caribbean (UN-ECLAC),1745,2,Medium,2019,2019.5,318801.466,329316.118,648117.584,32.201
United Nations Economic and Social Commission for Asia and the Pacific (UN-ESCAP) Regions,1760,2,Medium,2019,2019.5,2335676.321,2255015.629,4590691.95,88.272
United Nations Member States,1599,2,Medium,2019,2019.5,3886203.1289999997,3821700.381,7707903.51,59.373000000000005
Tanzania,834,2,Medium,2019,2019.5,28980.621,29024.84,58005.460999999996,65.484
United States Virgin Islands,850,2,Medium,2019,2019.5,49.70399999999999,54.875,104.579,298.797
United States of America,840,2,Medium,2019,2019.5,162826.299,166238.61800000002,329064.917,35.974000000000004
United States of America (and dependencies),1111,2,Medium,2019,2019.5,164409.733,167972.987,332382.72,36.295
Upper-middle-income countries,1502,2,Medium,2019,2019.5,1327282.743,1311675.687,2638958.43,47.516000000000005
Uruguay,858,2,Medium,2019,2019.5,1671.889,1789.842,3461.7309999999998,19.779
Uzbekistan,860,2,Medium,2019,2019.5,16450.116,16531.599,32981.715,77.531
Vanuatu,548,2,Medium,2019,2019.5,152.03799999999998,147.844,299.882,24.601
Venezuela,862,2,Medium,2019,2019.5,14045.228000000001,14470.601,28515.828999999998,32.329
Viet Nam,704,2,Medium,2019,2019.5,48151.352,48310.755999999994,96462.10800000001,311.098
WB region: East Asia and Pacific (excluding high income),1509,2,Medium,2019,2019.5,1082939.007,1046815.5240000001,2129754.531,133.83100000000002
WB region: Europe and Central Asia (excluding high income),1510,2,Medium,2019,2019.5,201605.872,219429.885,421035.75700000004,18.62
WB region: Latin America and Caribbean (excluding high income),1511,2,Medium,2019,2019.5,280528.965,289282.904,569811.869,34.991
WB region: Middle East and North Africa (excluding high income),1512,2,Medium,2019,2019.5,196415.223,193337.968,389753.191,45.105
WB region: South Asia (excluding high income),1513,2,Medium,2019,2019.5,947602.141,887695.3620000001,1835297.503,384.631
WB region: Sub-Saharan Africa (excluding high income),1508,2,Medium,2019,2019.5,552296.673,554567.531,1106864.2040000001,46.867
WHO Regions,1820,2,Medium,2019,2019.5,3867203.6139999996,3801684.6119999997,7668888.226,59.34
WHO: African region (AFRO),1593,2,Medium,2019,2019.5,545008.3539999999,546750.502,1091758.856,46.247
WHO: Americas (AMRO),1596,2,Medium,2019,2019.5,497990.278,511959.852,1009950.13,26.389
WHO: Eastern Mediterranean Region (EMRO),1595,2,Medium,2019,2019.5,367790.826,344485.465,712276.291,56.34
WHO: European Region (EURO),1594,2,Medium,2019,2019.5,451093.61600000004,479073.00200000004,930166.618,34.399
WHO: South-East Asia region (SEARO),1597,2,Medium,2019,2019.5,1026050.375,975895.902,2001946.2769999998,309.953
WHO: Western Pacific region (WPRO),1598,2,Medium,2019,2019.5,979270.165,943519.8890000001,1922790.054,90.626
Wallis and Futuna Islands,876,2,Medium,2019,2019.5,,,11.436,81.686
West African Economic and Monetary Union (UEMOA),1543,2,Medium,2019,2019.5,63478.176,63629.292,127107.46800000001,36.67
Western Africa,914,2,Medium,2019,2019.5,196986.982,194453.165,391440.14700000006,64.551
Western Asia,922,2,Medium,2019,2019.5,144136.797,131187.99599999998,275324.793,57.299
Western Europe,926,2,Medium,2019,2019.5,96018.94099999999,99503.47099999999,195522.41199999998,180.239
Western European and Others Group (WEOG),1827,2,Medium,2019,2019.5,453121.385,465967.03799999994,919088.423,29.497
Western Sahara,732,2,Medium,2019,2019.5,304.755,277.703,582.4580000000001,2.19
World,900,2,Medium,2019,2019.5,3889034.611,3824433.5939999996,7713468.205,59.291000000000004
World Bank Regional Groups (developing only),1801,2,Medium,2019,2019.5,3261387.881,3191129.1739999996,6452517.055,70.258
Yemen,887,2,Medium,2019,2019.5,14692.284,14469.638,29161.922000000002,55.233999999999995
Zambia,894,2,Medium,2019,2019.5,8843.214,9017.82,17861.034,24.026
Zimbabwe,716,2,Medium,2019,2019.5,6983.353,7662.12,14645.473,37.858000000000004
