date,name,areaType,code,dailyCases,cumulativeCases,dailyDeaths,cumulativeDeaths
2020-09-10,England,nation,E92000001,30.0,312276.0,3.0,36950.0
2020-09-09,England,nation,E92000001,578.0,312246.0,7.0,36947.0
2020-09-08,England,nation,E92000001,1829.0,311668.0,8.0,36940.0
2020-09-07,England,nation,E92000001,2834.0,309839.0,11.0,36932.0
2020-09-06,England,nation,E92000001,1968.0,307005.0,9.0,36921.0
2020-09-05,England,nation,E92000001,2071.0,305037.0,9.0,36912.0
2020-09-04,England,nation,E92000001,2478.0,302966.0,5.0,36903.0
2020-09-03,England,nation,E92000001,2643.0,300488.0,5.0,36898.0
2020-09-02,England,nation,E92000001,2608.0,297845.0,7.0,36893.0
2020-09-01,England,nation,E92000001,1914.0,295237.0,3.0,36886.0
2020-08-31,England,nation,E92000001,1255.0,293323.0,6.0,36883.0
2020-08-30,England,nation,E92000001,967.0,292068.0,6.0,36877.0
2020-08-29,England,nation,E92000001,1035.0,291101.0,5.0,36871.0
2020-08-28,England,nation,E92000001,1378.0,290066.0,6.0,36866.0
2020-08-27,England,nation,E92000001,1325.0,288688.0,8.0,36860.0
2020-08-26,England,nation,E92000001,1133.0,287363.0,11.0,36852.0
2020-08-25,England,nation,E92000001,1055.0,286230.0,11.0,36841.0
2020-08-24,England,nation,E92000001,1079.0,285175.0,6.0,36830.0
2020-08-23,England,nation,E92000001,691.0,284096.0,11.0,36824.0
2020-08-22,England,nation,E92000001,712.0,283405.0,5.0,36813.0
2020-08-21,England,nation,E92000001,1000.0,282693.0,7.0,36808.0
2020-08-20,England,nation,E92000001,1218.0,281693.0,7.0,36801.0
2020-08-19,England,nation,E92000001,1074.0,280475.0,1.0,36794.0
2020-08-18,England,nation,E92000001,924.0,279401.0,7.0,36793.0
2020-08-17,England,nation,E92000001,1136.0,278477.0,12.0,36786.0
2020-08-16,England,nation,E92000001,526.0,277341.0,4.0,36774.0
2020-08-15,England,nation,E92000001,648.0,276815.0,12.0,36770.0
2020-08-14,England,nation,E92000001,1043.0,276167.0,6.0,36758.0
2020-08-13,England,nation,E92000001,1018.0,275124.0,7.0,36752.0
2020-08-12,England,nation,E92000001,1084.0,274106.0,6.0,36745.0
2020-08-11,England,nation,E92000001,1211.0,273022.0,10.0,36739.0
2020-08-10,England,nation,E92000001,1352.0,271811.0,11.0,36729.0
2020-08-09,England,nation,E92000001,557.0,270459.0,8.0,36718.0
2020-08-08,England,nation,E92000001,637.0,269902.0,11.0,36710.0
2020-08-07,England,nation,E92000001,858.0,269265.0,7.0,36699.0
2020-08-06,England,nation,E92000001,982.0,268407.0,9.0,36692.0
2020-08-05,England,nation,E92000001,946.0,267425.0,3.0,36683.0
2020-08-04,England,nation,E92000001,920.0,266479.0,11.0,36680.0
2020-08-03,England,nation,E92000001,940.0,265559.0,15.0,36669.0
2020-08-02,England,nation,E92000001,514.0,264619.0,8.0,36654.0
2020-08-01,England,nation,E92000001,494.0,264105.0,9.0,36646.0
2020-07-31,England,nation,E92000001,622.0,263611.0,10.0,36637.0
2020-07-30,England,nation,E92000001,856.0,262989.0,8.0,36627.0
2020-07-29,England,nation,E92000001,970.0,262133.0,8.0,36619.0
2020-07-28,England,nation,E92000001,780.0,261163.0,10.0,36611.0
2020-07-27,England,nation,E92000001,809.0,260383.0,10.0,36601.0
2020-07-26,England,nation,E92000001,516.0,259574.0,14.0,36591.0
2020-07-25,England,nation,E92000001,490.0,259058.0,13.0,36577.0
2020-07-24,England,nation,E92000001,715.0,258568.0,6.0,36564.0
2020-07-23,England,nation,E92000001,734.0,257853.0,16.0,36558.0
2020-07-22,England,nation,E92000001,748.0,257119.0,16.0,36542.0
2020-07-21,England,nation,E92000001,690.0,256371.0,19.0,36526.0
2020-07-20,England,nation,E92000001,754.0,255681.0,13.0,36507.0
2020-07-19,England,nation,E92000001,413.0,254927.0,14.0,36494.0
2020-07-18,England,nation,E92000001,467.0,254514.0,14.0,36480.0
2020-07-17,England,nation,E92000001,547.0,254047.0,18.0,36466.0
2020-07-16,England,nation,E92000001,640.0,253500.0,12.0,36448.0
2020-07-15,England,nation,E92000001,723.0,252860.0,20.0,36436.0
2020-07-14,England,nation,E92000001,651.0,252137.0,20.0,36416.0
2020-07-13,England,nation,E92000001,689.0,251486.0,22.0,36396.0
2020-07-12,England,nation,E92000001,352.0,250797.0,12.0,36374.0
2020-07-11,England,nation,E92000001,420.0,250445.0,21.0,36362.0
2020-07-10,England,nation,E92000001,522.0,250025.0,21.0,36341.0
2020-07-09,England,nation,E92000001,685.0,249503.0,35.0,36320.0
2020-07-08,England,nation,E92000001,673.0,248818.0,23.0,36285.0
2020-07-07,England,nation,E92000001,557.0,248145.0,26.0,36262.0
2020-07-06,England,nation,E92000001,656.0,247588.0,33.0,36236.0
2020-07-05,England,nation,E92000001,539.0,246932.0,24.0,36203.0
2020-07-04,England,nation,E92000001,387.0,246393.0,31.0,36179.0
2020-07-03,England,nation,E92000001,542.0,246006.0,26.0,36148.0
2020-07-02,England,nation,E92000001,560.0,245464.0,40.0,36122.0
2020-07-01,England,nation,E92000001,608.0,244904.0,22.0,36082.0
2020-06-30,England,nation,E92000001,572.0,244296.0,44.0,36060.0
2020-06-29,England,nation,E92000001,668.0,243724.0,33.0,36016.0
2020-06-28,England,nation,E92000001,411.0,243056.0,42.0,35983.0
2020-06-27,England,nation,E92000001,504.0,242645.0,40.0,35941.0
2020-06-26,England,nation,E92000001,645.0,242141.0,38.0,35901.0
2020-06-25,England,nation,E92000001,637.0,241496.0,57.0,35863.0
2020-06-24,England,nation,E92000001,728.0,240859.0,69.0,35806.0
2020-06-23,England,nation,E92000001,727.0,240131.0,60.0,35737.0
2020-06-22,England,nation,E92000001,816.0,239404.0,58.0,35677.0
2020-06-21,England,nation,E92000001,550.0,238588.0,47.0,35619.0
2020-06-20,England,nation,E92000001,628.0,238038.0,54.0,35572.0
2020-06-19,England,nation,E92000001,815.0,237410.0,47.0,35518.0
2020-06-18,England,nation,E92000001,944.0,236595.0,57.0,35471.0
2020-06-17,England,nation,E92000001,911.0,235651.0,53.0,35414.0
2020-06-16,England,nation,E92000001,994.0,234740.0,70.0,35361.0
2020-06-15,England,nation,E92000001,937.0,233746.0,61.0,35291.0
2020-06-14,England,nation,E92000001,746.0,232809.0,76.0,35230.0
2020-06-13,England,nation,E92000001,787.0,232063.0,52.0,35154.0
2020-06-12,England,nation,E92000001,937.0,231276.0,72.0,35102.0
2020-06-11,England,nation,E92000001,917.0,230339.0,71.0,35030.0
2020-06-10,England,nation,E92000001,1084.0,229422.0,97.0,34959.0
2020-06-09,England,nation,E92000001,1056.0,228338.0,85.0,34862.0
2020-06-08,England,nation,E92000001,990.0,227282.0,111.0,34777.0
2020-06-07,England,nation,E92000001,664.0,226292.0,111.0,34666.0
2020-06-06,England,nation,E92000001,722.0,225628.0,97.0,34555.0
2020-06-05,England,nation,E92000001,1022.0,224906.0,108.0,34458.0
2020-06-04,England,nation,E92000001,1144.0,223884.0,120.0,34350.0
2020-06-03,England,nation,E92000001,1244.0,222740.0,138.0,34230.0
2020-06-02,England,nation,E92000001,1356.0,221496.0,157.0,34092.0
2020-06-01,England,nation,E92000001,1311.0,220140.0,122.0,33935.0
2020-05-31,England,nation,E92000001,985.0,218829.0,112.0,33813.0
2020-05-30,England,nation,E92000001,997.0,217844.0,144.0,33701.0
2020-05-29,England,nation,E92000001,1371.0,216847.0,163.0,33557.0
2020-05-28,England,nation,E92000001,1572.0,215476.0,183.0,33394.0
2020-05-27,England,nation,E92000001,1614.0,213904.0,169.0,33211.0
2020-05-26,England,nation,E92000001,1460.0,212290.0,187.0,33042.0
2020-05-25,England,nation,E92000001,1382.0,210830.0,176.0,32855.0
2020-05-24,England,nation,E92000001,1199.0,209448.0,169.0,32679.0
2020-05-23,England,nation,E92000001,1299.0,208249.0,198.0,32510.0
2020-05-22,England,nation,E92000001,1801.0,206950.0,195.0,32312.0
2020-05-21,England,nation,E92000001,2273.0,205149.0,201.0,32117.0
2020-05-20,England,nation,E92000001,2354.0,202876.0,235.0,31916.0
2020-05-19,England,nation,E92000001,2582.0,200522.0,230.0,31681.0
2020-05-18,England,nation,E92000001,2214.0,197940.0,253.0,31451.0
2020-05-17,England,nation,E92000001,1591.0,195726.0,221.0,31198.0
2020-05-16,England,nation,E92000001,1768.0,194135.0,269.0,30977.0
2020-05-15,England,nation,E92000001,2128.0,192367.0,268.0,30708.0
2020-05-14,England,nation,E92000001,2207.0,190239.0,278.0,30440.0
2020-05-13,England,nation,E92000001,2881.0,188032.0,254.0,30162.0
2020-05-12,England,nation,E92000001,2928.0,185151.0,273.0,29908.0
2020-05-11,England,nation,E92000001,3067.0,182223.0,260.0,29635.0
2020-05-10,England,nation,E92000001,2007.0,179156.0,301.0,29375.0
2020-05-09,England,nation,E92000001,1793.0,177149.0,331.0,29074.0
2020-05-08,England,nation,E92000001,2622.0,175356.0,327.0,28743.0
2020-05-07,England,nation,E92000001,3203.0,172734.0,398.0,28416.0
2020-05-06,England,nation,E92000001,3267.0,169531.0,392.0,28018.0
2020-05-05,England,nation,E92000001,3148.0,166264.0,389.0,27626.0
2020-05-04,England,nation,E92000001,2843.0,163116.0,411.0,27237.0
2020-05-03,England,nation,E92000001,2634.0,160273.0,387.0,26826.0
2020-05-02,England,nation,E92000001,2740.0,157639.0,423.0,26439.0
2020-05-01,England,nation,E92000001,4095.0,154899.0,477.0,26016.0
2020-04-30,England,nation,E92000001,4314.0,150804.0,478.0,25539.0
2020-04-29,England,nation,E92000001,4743.0,146490.0,493.0,25061.0
2020-04-28,England,nation,E92000001,4121.0,141747.0,499.0,24568.0
2020-04-27,England,nation,E92000001,4031.0,137626.0,506.0,24069.0
2020-04-26,England,nation,E92000001,3136.0,133595.0,557.0,23563.0
2020-04-25,England,nation,E92000001,3375.0,130459.0,554.0,23006.0
2020-04-24,England,nation,E92000001,4365.0,127084.0,601.0,22452.0
2020-04-23,England,nation,E92000001,4568.0,122719.0,592.0,21851.0
2020-04-22,England,nation,E92000001,4792.0,118151.0,641.0,21259.0
2020-04-21,England,nation,E92000001,3973.0,113359.0,648.0,20618.0
2020-04-20,England,nation,E92000001,3687.0,109386.0,683.0,19970.0
2020-04-19,England,nation,E92000001,3473.0,105699.0,684.0,19287.0
2020-04-18,England,nation,E92000001,4123.0,102226.0,704.0,18603.0
2020-04-17,England,nation,E92000001,4079.0,98103.0,743.0,17899.0
2020-04-16,England,nation,E92000001,4366.0,94024.0,751.0,17156.0
2020-04-15,England,nation,E92000001,4230.0,89658.0,783.0,16405.0
2020-04-14,England,nation,E92000001,3562.0,85428.0,771.0,15622.0
2020-04-13,England,nation,E92000001,3439.0,81866.0,803.0,14851.0
2020-04-12,England,nation,E92000001,2946.0,78427.0,857.0,14048.0
2020-04-11,England,nation,E92000001,3078.0,75481.0,861.0,13191.0
2020-04-10,England,nation,E92000001,3580.0,72403.0,849.0,12330.0
2020-04-09,England,nation,E92000001,4068.0,68823.0,874.0,11481.0
2020-04-08,England,nation,E92000001,4298.0,64755.0,974.0,10607.0
2020-04-07,England,nation,E92000001,4576.0,60457.0,911.0,9633.0
2020-04-06,England,nation,E92000001,4387.0,55881.0,805.0,8722.0
2020-04-05,England,nation,E92000001,3086.0,51494.0,830.0,7917.0
2020-04-04,England,nation,E92000001,3388.0,48408.0,837.0,7087.0
2020-04-03,England,nation,E92000001,4105.0,45020.0,744.0,6250.0
2020-04-02,England,nation,E92000001,4072.0,40915.0,732.0,5506.0
2020-04-01,England,nation,E92000001,4097.0,36843.0,697.0,4774.0
2020-03-31,England,nation,E92000001,3788.0,32746.0,603.0,4077.0
2020-03-30,England,nation,E92000001,3525.0,28958.0,537.0,3474.0
2020-03-29,England,nation,E92000001,2441.0,25433.0,467.0,2937.0
2020-03-28,England,nation,E92000001,2374.0,22992.0,385.0,2470.0
2020-03-27,England,nation,E92000001,2661.0,20618.0,374.0,2085.0
2020-03-26,England,nation,E92000001,2613.0,17957.0,335.0,1711.0
2020-03-25,England,nation,E92000001,2266.0,15344.0,278.0,1376.0
2020-03-24,England,nation,E92000001,2027.0,13078.0,219.0,1098.0
2020-03-23,England,nation,E92000001,2018.0,11051.0,173.0,879.0
2020-03-22,England,nation,E92000001,1208.0,9033.0,155.0,706.0
2020-03-21,England,nation,E92000001,1035.0,7825.0,117.0,551.0
2020-03-20,England,nation,E92000001,1084.0,6790.0,102.0,434.0
2020-03-19,England,nation,E92000001,930.0,5706.0,67.0,332.0
2020-03-18,England,nation,E92000001,909.0,4776.0,67.0,265.0
2020-03-17,England,nation,E92000001,681.0,3867.0,51.0,198.0
2020-03-16,England,nation,E92000001,546.0,3186.0,42.0,147.0
2020-03-15,England,nation,E92000001,397.0,2640.0,32.0,105.0
2020-03-14,England,nation,E92000001,314.0,2243.0,20.0,73.0
2020-03-13,England,nation,E92000001,392.0,1929.0,16.0,53.0
2020-03-12,England,nation,E92000001,415.0,1537.0,12.0,37.0
2020-03-11,England,nation,E92000001,353.0,1122.0,8.0,25.0
2020-03-10,England,nation,E92000001,223.0,769.0,3.0,17.0
2020-03-09,England,nation,E92000001,124.0,546.0,5.0,14.0
2020-03-08,England,nation,E92000001,50.0,422.0,3.0,9.0
2020-03-07,England,nation,E92000001,47.0,372.0,,0.0
2020-03-06,England,nation,E92000001,73.0,325.0,,0.0
2020-03-05,England,nation,E92000001,47.0,252.0,3.0,6.0
2020-03-04,England,nation,E92000001,49.0,205.0,,0.0
2020-03-03,England,nation,E92000001,52.0,156.0,2.0,3.0
2020-03-02,England,nation,E92000001,39.0,104.0,1.0,1.0
2020-03-01,England,nation,E92000001,20.0,65.0,,
2020-02-29,England,nation,E92000001,5.0,45.0,,
2020-02-28,England,nation,E92000001,11.0,40.0,,
2020-02-27,England,nation,E92000001,7.0,29.0,,
2020-02-26,England,nation,E92000001,4.0,22.0,,
2020-02-25,England,nation,E92000001,5.0,18.0,,
2020-02-24,England,nation,E92000001,2.0,13.0,,
2020-02-23,England,nation,E92000001,1.0,11.0,,
2020-02-22,England,nation,E92000001,0.0,10.0,,
2020-02-21,England,nation,E92000001,1.0,10.0,,
2020-02-20,England,nation,E92000001,0.0,9.0,,
2020-02-19,England,nation,E92000001,0.0,9.0,,
2020-02-18,England,nation,E92000001,0.0,9.0,,
2020-02-17,England,nation,E92000001,0.0,9.0,,
2020-02-16,England,nation,E92000001,0.0,9.0,,
2020-02-15,England,nation,E92000001,0.0,9.0,,
2020-02-14,England,nation,E92000001,0.0,9.0,,
2020-02-13,England,nation,E92000001,0.0,9.0,,
2020-02-12,England,nation,E92000001,0.0,9.0,,
2020-02-11,England,nation,E92000001,1.0,9.0,,
2020-02-10,England,nation,E92000001,0.0,8.0,,
2020-02-09,England,nation,E92000001,1.0,8.0,,
2020-02-08,England,nation,E92000001,4.0,7.0,,
2020-02-07,England,nation,E92000001,0.0,3.0,,
2020-02-06,England,nation,E92000001,0.0,3.0,,
2020-02-05,England,nation,E92000001,1.0,3.0,,
2020-02-04,England,nation,E92000001,0.0,2.0,,
2020-02-03,England,nation,E92000001,0.0,2.0,,
2020-02-02,England,nation,E92000001,0.0,2.0,,
2020-02-01,England,nation,E92000001,0.0,2.0,,
2020-01-31,England,nation,E92000001,0.0,2.0,,
2020-01-30,England,nation,E92000001,2.0,2.0,,
2020-09-10,Northern Ireland,nation,N92000002,19.0,8123.0,1.0,568.0
2020-09-09,Northern Ireland,nation,N92000002,84.0,8104.0,0.0,567.0
2020-09-08,Northern Ireland,nation,N92000002,54.0,8020.0,0.0,567.0
2020-09-07,Northern Ireland,nation,N92000002,78.0,7966.0,2.0,567.0
2020-09-06,Northern Ireland,nation,N92000002,110.0,7888.0,0.0,565.0
2020-09-05,Northern Ireland,nation,N92000002,94.0,7778.0,1.0,565.0
2020-09-04,Northern Ireland,nation,N92000002,138.0,7684.0,0.0,564.0
2020-09-03,Northern Ireland,nation,N92000002,115.0,7546.0,2.0,564.0
2020-09-02,Northern Ireland,nation,N92000002,95.0,7431.0,0.0,562.0
2020-09-01,Northern Ireland,nation,N92000002,71.0,7336.0,1.0,562.0
2020-08-31,Northern Ireland,nation,N92000002,56.0,7265.0,0.0,561.0
2020-08-30,Northern Ireland,nation,N92000002,38.0,7209.0,0.0,561.0
2020-08-29,Northern Ireland,nation,N92000002,45.0,7171.0,0.0,561.0
2020-08-28,Northern Ireland,nation,N92000002,90.0,7126.0,1.0,561.0
2020-08-27,Northern Ireland,nation,N92000002,83.0,7036.0,0.0,560.0
2020-08-26,Northern Ireland,nation,N92000002,70.0,6953.0,0.0,560.0
2020-08-25,Northern Ireland,nation,N92000002,66.0,6883.0,1.0,560.0
2020-08-24,Northern Ireland,nation,N92000002,47.0,6817.0,0.0,559.0
2020-08-23,Northern Ireland,nation,N92000002,52.0,6770.0,0.0,559.0
2020-08-22,Northern Ireland,nation,N92000002,43.0,6718.0,0.0,559.0
2020-08-21,Northern Ireland,nation,N92000002,81.0,6675.0,0.0,559.0
2020-08-20,Northern Ireland,nation,N92000002,72.0,6594.0,0.0,559.0
2020-08-19,Northern Ireland,nation,N92000002,41.0,6522.0,0.0,559.0
2020-08-18,Northern Ireland,nation,N92000002,43.0,6481.0,0.0,559.0
2020-08-17,Northern Ireland,nation,N92000002,53.0,6438.0,0.0,559.0
2020-08-16,Northern Ireland,nation,N92000002,21.0,6385.0,0.0,559.0
2020-08-15,Northern Ireland,nation,N92000002,22.0,6364.0,1.0,559.0
2020-08-14,Northern Ireland,nation,N92000002,57.0,6342.0,0.0,558.0
2020-08-13,Northern Ireland,nation,N92000002,51.0,6285.0,1.0,558.0
2020-08-12,Northern Ireland,nation,N92000002,40.0,6234.0,0.0,557.0
2020-08-11,Northern Ireland,nation,N92000002,38.0,6194.0,0.0,557.0
2020-08-10,Northern Ireland,nation,N92000002,44.0,6156.0,0.0,557.0
2020-08-09,Northern Ireland,nation,N92000002,25.0,6112.0,0.0,557.0
2020-08-08,Northern Ireland,nation,N92000002,28.0,6087.0,1.0,557.0
2020-08-07,Northern Ireland,nation,N92000002,17.0,6059.0,0.0,556.0
2020-08-06,Northern Ireland,nation,N92000002,18.0,6042.0,0.0,556.0
2020-08-05,Northern Ireland,nation,N92000002,29.0,6024.0,0.0,556.0
2020-08-04,Northern Ireland,nation,N92000002,19.0,5995.0,0.0,556.0
2020-08-03,Northern Ireland,nation,N92000002,18.0,5976.0,0.0,556.0
2020-08-02,Northern Ireland,nation,N92000002,9.0,5958.0,0.0,556.0
2020-08-01,Northern Ireland,nation,N92000002,10.0,5949.0,0.0,556.0
2020-07-31,Northern Ireland,nation,N92000002,14.0,5939.0,0.0,556.0
2020-07-30,Northern Ireland,nation,N92000002,11.0,5925.0,0.0,556.0
2020-07-29,Northern Ireland,nation,N92000002,11.0,5914.0,0.0,556.0
2020-07-28,Northern Ireland,nation,N92000002,13.0,5903.0,0.0,556.0
2020-07-27,Northern Ireland,nation,N92000002,12.0,5890.0,0.0,556.0
2020-07-26,Northern Ireland,nation,N92000002,1.0,5878.0,0.0,556.0
2020-07-25,Northern Ireland,nation,N92000002,4.0,5877.0,0.0,556.0
2020-07-24,Northern Ireland,nation,N92000002,14.0,5873.0,0.0,556.0
2020-07-23,Northern Ireland,nation,N92000002,12.0,5859.0,0.0,556.0
2020-07-22,Northern Ireland,nation,N92000002,8.0,5847.0,0.0,556.0
2020-07-21,Northern Ireland,nation,N92000002,12.0,5839.0,0.0,556.0
2020-07-20,Northern Ireland,nation,N92000002,3.0,5827.0,0.0,556.0
2020-07-19,Northern Ireland,nation,N92000002,3.0,5824.0,0.0,556.0
2020-07-18,Northern Ireland,nation,N92000002,7.0,5821.0,0.0,556.0
2020-07-17,Northern Ireland,nation,N92000002,9.0,5814.0,0.0,556.0
2020-07-16,Northern Ireland,nation,N92000002,19.0,5805.0,0.0,556.0
2020-07-15,Northern Ireland,nation,N92000002,15.0,5786.0,0.0,556.0
2020-07-14,Northern Ireland,nation,N92000002,7.0,5771.0,0.0,556.0
2020-07-13,Northern Ireland,nation,N92000002,3.0,5764.0,0.0,556.0
2020-07-12,Northern Ireland,nation,N92000002,4.0,5761.0,1.0,556.0
2020-07-11,Northern Ireland,nation,N92000002,6.0,5757.0,0.0,555.0
2020-07-10,Northern Ireland,nation,N92000002,4.0,5751.0,0.0,555.0
2020-07-09,Northern Ireland,nation,N92000002,5.0,5747.0,1.0,555.0
2020-07-08,Northern Ireland,nation,N92000002,6.0,5742.0,0.0,554.0
2020-07-07,Northern Ireland,nation,N92000002,5.0,5736.0,0.0,554.0
2020-07-06,Northern Ireland,nation,N92000002,8.0,5731.0,0.0,554.0
2020-07-05,Northern Ireland,nation,N92000002,2.0,5723.0,0.0,554.0
2020-07-04,Northern Ireland,nation,N92000002,1.0,5721.0,0.0,554.0
2020-07-03,Northern Ireland,nation,N92000002,8.0,5720.0,2.0,554.0
2020-07-02,Northern Ireland,nation,N92000002,3.0,5712.0,0.0,552.0
2020-07-01,Northern Ireland,nation,N92000002,4.0,5709.0,1.0,552.0
2020-06-30,Northern Ireland,nation,N92000002,2.0,5705.0,0.0,551.0
2020-06-29,Northern Ireland,nation,N92000002,4.0,5703.0,1.0,551.0
2020-06-28,Northern Ireland,nation,N92000002,5.0,5699.0,0.0,550.0
2020-06-27,Northern Ireland,nation,N92000002,4.0,5694.0,0.0,550.0
2020-06-26,Northern Ireland,nation,N92000002,3.0,5690.0,2.0,550.0
2020-06-25,Northern Ireland,nation,N92000002,5.0,5687.0,1.0,548.0
2020-06-24,Northern Ireland,nation,N92000002,4.0,5682.0,0.0,547.0
2020-06-23,Northern Ireland,nation,N92000002,8.0,5678.0,1.0,547.0
2020-06-22,Northern Ireland,nation,N92000002,4.0,5670.0,1.0,546.0
2020-06-21,Northern Ireland,nation,N92000002,3.0,5666.0,0.0,545.0
2020-06-20,Northern Ireland,nation,N92000002,5.0,5663.0,0.0,545.0
2020-06-19,Northern Ireland,nation,N92000002,14.0,5658.0,1.0,545.0
2020-06-18,Northern Ireland,nation,N92000002,7.0,5644.0,1.0,544.0
2020-06-17,Northern Ireland,nation,N92000002,5.0,5637.0,1.0,543.0
2020-06-16,Northern Ireland,nation,N92000002,11.0,5632.0,1.0,542.0
2020-06-15,Northern Ireland,nation,N92000002,19.0,5621.0,0.0,541.0
2020-06-14,Northern Ireland,nation,N92000002,8.0,5602.0,0.0,541.0
2020-06-13,Northern Ireland,nation,N92000002,10.0,5594.0,1.0,541.0
2020-06-12,Northern Ireland,nation,N92000002,10.0,5584.0,1.0,540.0
2020-06-11,Northern Ireland,nation,N92000002,10.0,5574.0,2.0,539.0
2020-06-10,Northern Ireland,nation,N92000002,16.0,5564.0,0.0,537.0
2020-06-09,Northern Ireland,nation,N92000002,11.0,5548.0,0.0,537.0
2020-06-08,Northern Ireland,nation,N92000002,14.0,5537.0,0.0,537.0
2020-06-07,Northern Ireland,nation,N92000002,5.0,5523.0,0.0,537.0
2020-06-06,Northern Ireland,nation,N92000002,8.0,5518.0,0.0,537.0
2020-06-05,Northern Ireland,nation,N92000002,24.0,5510.0,1.0,537.0
2020-06-04,Northern Ireland,nation,N92000002,11.0,5486.0,0.0,536.0
2020-06-03,Northern Ireland,nation,N92000002,11.0,5475.0,2.0,536.0
2020-06-02,Northern Ireland,nation,N92000002,21.0,5464.0,2.0,534.0
2020-06-01,Northern Ireland,nation,N92000002,24.0,5443.0,1.0,532.0
2020-05-31,Northern Ireland,nation,N92000002,26.0,5419.0,1.0,531.0
2020-05-30,Northern Ireland,nation,N92000002,13.0,5393.0,2.0,530.0
2020-05-29,Northern Ireland,nation,N92000002,20.0,5380.0,1.0,528.0
2020-05-28,Northern Ireland,nation,N92000002,28.0,5360.0,3.0,527.0
2020-05-27,Northern Ireland,nation,N92000002,33.0,5332.0,4.0,524.0
2020-05-26,Northern Ireland,nation,N92000002,28.0,5299.0,1.0,520.0
2020-05-25,Northern Ireland,nation,N92000002,41.0,5271.0,1.0,519.0
2020-05-24,Northern Ireland,nation,N92000002,31.0,5230.0,7.0,518.0
2020-05-23,Northern Ireland,nation,N92000002,54.0,5199.0,2.0,511.0
2020-05-22,Northern Ireland,nation,N92000002,33.0,5145.0,1.0,509.0
2020-05-21,Northern Ireland,nation,N92000002,56.0,5112.0,4.0,508.0
2020-05-20,Northern Ireland,nation,N92000002,76.0,5056.0,5.0,504.0
2020-05-19,Northern Ireland,nation,N92000002,73.0,4980.0,5.0,499.0
2020-05-18,Northern Ireland,nation,N92000002,63.0,4907.0,7.0,494.0
2020-05-17,Northern Ireland,nation,N92000002,38.0,4844.0,7.0,487.0
2020-05-16,Northern Ireland,nation,N92000002,40.0,4806.0,4.0,480.0
2020-05-15,Northern Ireland,nation,N92000002,66.0,4766.0,3.0,476.0
2020-05-14,Northern Ireland,nation,N92000002,74.0,4700.0,10.0,473.0
2020-05-13,Northern Ireland,nation,N92000002,75.0,4626.0,3.0,463.0
2020-05-12,Northern Ireland,nation,N92000002,93.0,4551.0,4.0,460.0
2020-05-11,Northern Ireland,nation,N92000002,77.0,4458.0,2.0,456.0
2020-05-10,Northern Ireland,nation,N92000002,63.0,4381.0,10.0,454.0
2020-05-09,Northern Ireland,nation,N92000002,54.0,4318.0,7.0,444.0
2020-05-08,Northern Ireland,nation,N92000002,72.0,4264.0,6.0,437.0
2020-05-07,Northern Ireland,nation,N92000002,97.0,4192.0,3.0,431.0
2020-05-06,Northern Ireland,nation,N92000002,80.0,4095.0,3.0,428.0
2020-05-05,Northern Ireland,nation,N92000002,75.0,4015.0,6.0,425.0
2020-05-04,Northern Ireland,nation,N92000002,75.0,3940.0,9.0,419.0
2020-05-03,Northern Ireland,nation,N92000002,55.0,3865.0,11.0,410.0
2020-05-02,Northern Ireland,nation,N92000002,91.0,3810.0,12.0,399.0
2020-05-01,Northern Ireland,nation,N92000002,100.0,3719.0,12.0,387.0
2020-04-30,Northern Ireland,nation,N92000002,116.0,3619.0,8.0,375.0
2020-04-29,Northern Ireland,nation,N92000002,93.0,3503.0,14.0,367.0
2020-04-28,Northern Ireland,nation,N92000002,75.0,3410.0,6.0,353.0
2020-04-27,Northern Ireland,nation,N92000002,71.0,3335.0,13.0,347.0
2020-04-26,Northern Ireland,nation,N92000002,45.0,3264.0,14.0,334.0
2020-04-25,Northern Ireland,nation,N92000002,54.0,3219.0,15.0,320.0
2020-04-24,Northern Ireland,nation,N92000002,83.0,3165.0,11.0,305.0
2020-04-23,Northern Ireland,nation,N92000002,73.0,3082.0,16.0,294.0
2020-04-22,Northern Ireland,nation,N92000002,99.0,3009.0,19.0,278.0
2020-04-21,Northern Ireland,nation,N92000002,131.0,2910.0,13.0,259.0
2020-04-20,Northern Ireland,nation,N92000002,112.0,2779.0,12.0,246.0
2020-04-19,Northern Ireland,nation,N92000002,41.0,2667.0,10.0,234.0
2020-04-18,Northern Ireland,nation,N92000002,86.0,2626.0,10.0,224.0
2020-04-17,Northern Ireland,nation,N92000002,156.0,2540.0,9.0,214.0
2020-04-16,Northern Ireland,nation,N92000002,138.0,2384.0,11.0,205.0
2020-04-15,Northern Ireland,nation,N92000002,134.0,2246.0,16.0,194.0
2020-04-14,Northern Ireland,nation,N92000002,96.0,2112.0,12.0,178.0
2020-04-13,Northern Ireland,nation,N92000002,107.0,2016.0,7.0,166.0
2020-04-12,Northern Ireland,nation,N92000002,73.0,1909.0,16.0,159.0
2020-04-11,Northern Ireland,nation,N92000002,67.0,1836.0,11.0,143.0
2020-04-10,Northern Ireland,nation,N92000002,96.0,1769.0,11.0,132.0
2020-04-09,Northern Ireland,nation,N92000002,101.0,1673.0,18.0,121.0
2020-04-08,Northern Ireland,nation,N92000002,103.0,1572.0,4.0,103.0
2020-04-07,Northern Ireland,nation,N92000002,130.0,1469.0,8.0,99.0
2020-04-06,Northern Ireland,nation,N92000002,106.0,1339.0,6.0,91.0
2020-04-05,Northern Ireland,nation,N92000002,60.0,1233.0,11.0,85.0
2020-04-04,Northern Ireland,nation,N92000002,87.0,1173.0,9.0,74.0
2020-04-03,Northern Ireland,nation,N92000002,103.0,1086.0,10.0,65.0
2020-04-02,Northern Ireland,nation,N92000002,105.0,983.0,10.0,55.0
2020-04-01,Northern Ireland,nation,N92000002,103.0,878.0,4.0,45.0
2020-03-31,Northern Ireland,nation,N92000002,112.0,775.0,5.0,41.0
2020-03-30,Northern Ireland,nation,N92000002,84.0,663.0,4.0,36.0
2020-03-29,Northern Ireland,nation,N92000002,62.0,579.0,4.0,32.0
2020-03-28,Northern Ireland,nation,N92000002,76.0,517.0,8.0,28.0
2020-03-27,Northern Ireland,nation,N92000002,68.0,441.0,3.0,20.0
2020-03-26,Northern Ireland,nation,N92000002,76.0,373.0,2.0,17.0
2020-03-25,Northern Ireland,nation,N92000002,57.0,297.0,4.0,15.0
2020-03-24,Northern Ireland,nation,N92000002,41.0,240.0,2.0,11.0
2020-03-23,Northern Ireland,nation,N92000002,41.0,199.0,5.0,9.0
2020-03-22,Northern Ireland,nation,N92000002,18.0,158.0,1.0,4.0
2020-03-21,Northern Ireland,nation,N92000002,21.0,140.0,1.0,3.0
2020-03-20,Northern Ireland,nation,N92000002,17.0,119.0,0.0,2.0
2020-03-19,Northern Ireland,nation,N92000002,14.0,102.0,1.0,2.0
2020-03-18,Northern Ireland,nation,N92000002,13.0,88.0,1.0,1.0
2020-03-17,Northern Ireland,nation,N92000002,9.0,75.0,,
2020-03-16,Northern Ireland,nation,N92000002,8.0,66.0,,
2020-03-15,Northern Ireland,nation,N92000002,2.0,58.0,,
2020-03-14,Northern Ireland,nation,N92000002,10.0,56.0,,
2020-03-13,Northern Ireland,nation,N92000002,11.0,46.0,,
2020-03-12,Northern Ireland,nation,N92000002,4.0,35.0,,
2020-03-11,Northern Ireland,nation,N92000002,11.0,31.0,,
2020-03-10,Northern Ireland,nation,N92000002,5.0,20.0,,
2020-03-09,Northern Ireland,nation,N92000002,3.0,15.0,,
2020-03-08,Northern Ireland,nation,N92000002,3.0,12.0,,
2020-03-07,Northern Ireland,nation,N92000002,5.0,9.0,,
2020-03-06,Northern Ireland,nation,N92000002,2.0,4.0,,
2020-03-05,Northern Ireland,nation,N92000002,2.0,2.0,,
2020-03-04,Northern Ireland,nation,N92000002,0.0,0.0,,
2020-03-03,Northern Ireland,nation,N92000002,0.0,0.0,,
2020-03-02,Northern Ireland,nation,N92000002,0.0,0.0,,
2020-03-01,Northern Ireland,nation,N92000002,0.0,0.0,,
2020-02-29,Northern Ireland,nation,N92000002,0.0,0.0,,
2020-02-28,Northern Ireland,nation,N92000002,0.0,0.0,,
2020-02-27,Northern Ireland,nation,N92000002,0.0,0.0,,
2020-02-26,Northern Ireland,nation,N92000002,0.0,0.0,,
2020-02-25,Northern Ireland,nation,N92000002,0.0,0.0,,
2020-02-24,Northern Ireland,nation,N92000002,0.0,0.0,,
2020-02-23,Northern Ireland,nation,N92000002,0.0,0.0,,
2020-02-22,Northern Ireland,nation,N92000002,0.0,0.0,,
2020-02-21,Northern Ireland,nation,N92000002,0.0,0.0,,
2020-02-20,Northern Ireland,nation,N92000002,0.0,0.0,,
2020-02-19,Northern Ireland,nation,N92000002,0.0,0.0,,
2020-02-18,Northern Ireland,nation,N92000002,0.0,0.0,,
2020-02-17,Northern Ireland,nation,N92000002,0.0,0.0,,
2020-02-16,Northern Ireland,nation,N92000002,0.0,0.0,,
2020-02-15,Northern Ireland,nation,N92000002,0.0,0.0,,
2020-02-14,Northern Ireland,nation,N92000002,0.0,0.0,,
2020-02-13,Northern Ireland,nation,N92000002,0.0,0.0,,
2020-02-12,Northern Ireland,nation,N92000002,0.0,0.0,,
2020-02-11,Northern Ireland,nation,N92000002,0.0,0.0,,
2020-02-10,Northern Ireland,nation,N92000002,0.0,0.0,,
2020-02-09,Northern Ireland,nation,N92000002,0.0,0.0,,
2020-02-08,Northern Ireland,nation,N92000002,0.0,0.0,,
2020-02-07,Northern Ireland,nation,N92000002,0.0,0.0,,
2020-02-06,Northern Ireland,nation,N92000002,0.0,0.0,,
2020-02-05,Northern Ireland,nation,N92000002,0.0,0.0,,
2020-02-04,Northern Ireland,nation,N92000002,0.0,0.0,,
2020-02-03,Northern Ireland,nation,N92000002,0.0,0.0,,
2020-02-02,Northern Ireland,nation,N92000002,0.0,0.0,,
2020-02-01,Northern Ireland,nation,N92000002,0.0,0.0,,
2020-01-31,Northern Ireland,nation,N92000002,0.0,0.0,,
2020-01-30,Northern Ireland,nation,N92000002,0.0,0.0,,
2020-01-29,Northern Ireland,nation,N92000002,0.0,0.0,,
2020-01-28,Northern Ireland,nation,N92000002,0.0,0.0,,
2020-01-27,Northern Ireland,nation,N92000002,0.0,0.0,,
2020-01-26,Northern Ireland,nation,N92000002,0.0,0.0,,
2020-01-25,Northern Ireland,nation,N92000002,0.0,0.0,,
2020-01-24,Northern Ireland,nation,N92000002,0.0,0.0,,
2020-01-23,Northern Ireland,nation,N92000002,0.0,0.0,,
2020-01-22,Northern Ireland,nation,N92000002,0.0,0.0,,
2020-01-21,Northern Ireland,nation,N92000002,0.0,0.0,,
2020-01-20,Northern Ireland,nation,N92000002,0.0,0.0,,
2020-01-19,Northern Ireland,nation,N92000002,0.0,0.0,,
2020-01-18,Northern Ireland,nation,N92000002,0.0,0.0,,
2020-01-17,Northern Ireland,nation,N92000002,0.0,0.0,,
2020-01-16,Northern Ireland,nation,N92000002,0.0,0.0,,
2020-09-10,Scotland,nation,S92000003,10.0,22213.0,0.0,2499.0
2020-09-09,Scotland,nation,S92000003,168.0,22203.0,0.0,2499.0
2020-09-08,Scotland,nation,S92000003,73.0,22035.0,0.0,2499.0
2020-09-07,Scotland,nation,S92000003,155.0,21962.0,0.0,2499.0
2020-09-06,Scotland,nation,S92000003,149.0,21807.0,0.0,2499.0
2020-09-05,Scotland,nation,S92000003,135.0,21658.0,0.0,2499.0
2020-09-04,Scotland,nation,S92000003,165.0,21523.0,1.0,2499.0
2020-09-03,Scotland,nation,S92000003,201.0,21358.0,1.0,2498.0
2020-09-02,Scotland,nation,S92000003,190.0,21157.0,1.0,2497.0
2020-09-01,Scotland,nation,S92000003,199.0,20967.0,0.0,2496.0
2020-08-31,Scotland,nation,S92000003,143.0,20768.0,0.0,2496.0
2020-08-30,Scotland,nation,S92000003,102.0,20625.0,0.0,2496.0
2020-08-29,Scotland,nation,S92000003,94.0,20523.0,0.0,2496.0
2020-08-28,Scotland,nation,S92000003,105.0,20429.0,1.0,2496.0
2020-08-27,Scotland,nation,S92000003,97.0,20324.0,0.0,2495.0
2020-08-26,Scotland,nation,S92000003,98.0,20227.0,0.0,2495.0
2020-08-25,Scotland,nation,S92000003,72.0,20129.0,0.0,2495.0
2020-08-24,Scotland,nation,S92000003,59.0,20057.0,0.0,2495.0
2020-08-23,Scotland,nation,S92000003,67.0,19998.0,1.0,2495.0
2020-08-22,Scotland,nation,S92000003,51.0,19931.0,1.0,2494.0
2020-08-21,Scotland,nation,S92000003,91.0,19880.0,0.0,2493.0
2020-08-20,Scotland,nation,S92000003,141.0,19789.0,0.0,2493.0
2020-08-19,Scotland,nation,S92000003,93.0,19648.0,1.0,2493.0
2020-08-18,Scotland,nation,S92000003,78.0,19555.0,0.0,2492.0
2020-08-17,Scotland,nation,S92000003,75.0,19477.0,0.0,2492.0
2020-08-16,Scotland,nation,S92000003,33.0,19402.0,0.0,2492.0
2020-08-15,Scotland,nation,S92000003,20.0,19369.0,0.0,2492.0
2020-08-14,Scotland,nation,S92000003,50.0,19349.0,0.0,2492.0
2020-08-13,Scotland,nation,S92000003,59.0,19299.0,0.0,2492.0
2020-08-12,Scotland,nation,S92000003,49.0,19240.0,0.0,2492.0
2020-08-11,Scotland,nation,S92000003,63.0,19191.0,0.0,2492.0
2020-08-10,Scotland,nation,S92000003,59.0,19128.0,0.0,2492.0
2020-08-09,Scotland,nation,S92000003,26.0,19069.0,0.0,2492.0
2020-08-08,Scotland,nation,S92000003,27.0,19043.0,0.0,2492.0
2020-08-07,Scotland,nation,S92000003,46.0,19016.0,0.0,2492.0
2020-08-06,Scotland,nation,S92000003,65.0,18970.0,0.0,2492.0
2020-08-05,Scotland,nation,S92000003,67.0,18905.0,0.0,2492.0
2020-08-04,Scotland,nation,S92000003,59.0,18838.0,0.0,2492.0
2020-08-03,Scotland,nation,S92000003,62.0,18779.0,0.0,2492.0
2020-08-02,Scotland,nation,S92000003,19.0,18717.0,0.0,2492.0
2020-08-01,Scotland,nation,S92000003,23.0,18698.0,0.0,2492.0
2020-07-31,Scotland,nation,S92000003,21.0,18675.0,0.0,2492.0
2020-07-30,Scotland,nation,S92000003,25.0,18654.0,0.0,2492.0
2020-07-29,Scotland,nation,S92000003,28.0,18629.0,0.0,2492.0
2020-07-28,Scotland,nation,S92000003,22.0,18601.0,0.0,2492.0
2020-07-27,Scotland,nation,S92000003,14.0,18579.0,0.0,2492.0
2020-07-26,Scotland,nation,S92000003,8.0,18565.0,0.0,2492.0
2020-07-25,Scotland,nation,S92000003,3.0,18557.0,0.0,2492.0
2020-07-24,Scotland,nation,S92000003,11.0,18554.0,0.0,2492.0
2020-07-23,Scotland,nation,S92000003,23.0,18543.0,0.0,2492.0
2020-07-22,Scotland,nation,S92000003,16.0,18520.0,0.0,2492.0
2020-07-21,Scotland,nation,S92000003,19.0,18504.0,0.0,2492.0
2020-07-20,Scotland,nation,S92000003,13.0,18485.0,0.0,2492.0
2020-07-19,Scotland,nation,S92000003,17.0,18472.0,0.0,2492.0
2020-07-18,Scotland,nation,S92000003,13.0,18455.0,0.0,2492.0
2020-07-17,Scotland,nation,S92000003,8.0,18442.0,0.0,2492.0
2020-07-16,Scotland,nation,S92000003,21.0,18434.0,0.0,2492.0
2020-07-15,Scotland,nation,S92000003,16.0,18413.0,0.0,2492.0
2020-07-14,Scotland,nation,S92000003,10.0,18397.0,0.0,2492.0
2020-07-13,Scotland,nation,S92000003,17.0,18387.0,0.0,2492.0
2020-07-12,Scotland,nation,S92000003,2.0,18370.0,0.0,2492.0
2020-07-11,Scotland,nation,S92000003,9.0,18368.0,0.0,2492.0
2020-07-10,Scotland,nation,S92000003,12.0,18359.0,0.0,2492.0
2020-07-09,Scotland,nation,S92000003,7.0,18347.0,0.0,2492.0
2020-07-08,Scotland,nation,S92000003,11.0,18340.0,0.0,2492.0
2020-07-07,Scotland,nation,S92000003,11.0,18329.0,0.0,2492.0
2020-07-06,Scotland,nation,S92000003,8.0,18318.0,0.0,2492.0
2020-07-05,Scotland,nation,S92000003,2.0,18310.0,1.0,2492.0
2020-07-04,Scotland,nation,S92000003,5.0,18308.0,0.0,2491.0
2020-07-03,Scotland,nation,S92000003,6.0,18303.0,1.0,2491.0
2020-07-02,Scotland,nation,S92000003,13.0,18297.0,0.0,2490.0
2020-07-01,Scotland,nation,S92000003,11.0,18284.0,0.0,2490.0
2020-06-30,Scotland,nation,S92000003,8.0,18273.0,0.0,2490.0
2020-06-29,Scotland,nation,S92000003,14.0,18265.0,1.0,2490.0
2020-06-28,Scotland,nation,S92000003,3.0,18251.0,0.0,2489.0
2020-06-27,Scotland,nation,S92000003,4.0,18248.0,4.0,2489.0
2020-06-26,Scotland,nation,S92000003,6.0,18244.0,0.0,2485.0
2020-06-25,Scotland,nation,S92000003,19.0,18238.0,0.0,2485.0
2020-06-24,Scotland,nation,S92000003,8.0,18219.0,1.0,2485.0
2020-06-23,Scotland,nation,S92000003,19.0,18211.0,1.0,2484.0
2020-06-22,Scotland,nation,S92000003,12.0,18192.0,3.0,2483.0
2020-06-21,Scotland,nation,S92000003,9.0,18180.0,2.0,2480.0
2020-06-20,Scotland,nation,S92000003,6.0,18171.0,3.0,2478.0
2020-06-19,Scotland,nation,S92000003,23.0,18165.0,0.0,2475.0
2020-06-18,Scotland,nation,S92000003,14.0,18142.0,3.0,2475.0
2020-06-17,Scotland,nation,S92000003,33.0,18128.0,3.0,2472.0
2020-06-16,Scotland,nation,S92000003,17.0,18095.0,6.0,2469.0
2020-06-15,Scotland,nation,S92000003,21.0,18078.0,3.0,2463.0
2020-06-14,Scotland,nation,S92000003,13.0,18057.0,4.0,2460.0
2020-06-13,Scotland,nation,S92000003,23.0,18044.0,3.0,2456.0
2020-06-12,Scotland,nation,S92000003,30.0,18021.0,2.0,2453.0
2020-06-11,Scotland,nation,S92000003,21.0,17991.0,2.0,2451.0
2020-06-10,Scotland,nation,S92000003,29.0,17970.0,5.0,2449.0
2020-06-09,Scotland,nation,S92000003,27.0,17941.0,1.0,2444.0
2020-06-08,Scotland,nation,S92000003,18.0,17914.0,5.0,2443.0
2020-06-07,Scotland,nation,S92000003,17.0,17896.0,7.0,2438.0
2020-06-06,Scotland,nation,S92000003,22.0,17879.0,3.0,2431.0
2020-06-05,Scotland,nation,S92000003,24.0,17857.0,9.0,2428.0
2020-06-04,Scotland,nation,S92000003,35.0,17833.0,2.0,2419.0
2020-06-03,Scotland,nation,S92000003,35.0,17798.0,8.0,2417.0
2020-06-02,Scotland,nation,S92000003,45.0,17763.0,6.0,2409.0
2020-06-01,Scotland,nation,S92000003,38.0,17718.0,3.0,2403.0
2020-05-31,Scotland,nation,S92000003,22.0,17680.0,6.0,2400.0
2020-05-30,Scotland,nation,S92000003,41.0,17658.0,6.0,2394.0
2020-05-29,Scotland,nation,S92000003,29.0,17617.0,11.0,2388.0
2020-05-28,Scotland,nation,S92000003,55.0,17588.0,16.0,2377.0
2020-05-27,Scotland,nation,S92000003,66.0,17533.0,16.0,2361.0
2020-05-26,Scotland,nation,S92000003,77.0,17467.0,13.0,2345.0
2020-05-25,Scotland,nation,S92000003,97.0,17390.0,14.0,2332.0
2020-05-24,Scotland,nation,S92000003,54.0,17293.0,7.0,2318.0
2020-05-23,Scotland,nation,S92000003,50.0,17239.0,9.0,2311.0
2020-05-22,Scotland,nation,S92000003,92.0,17189.0,16.0,2302.0
2020-05-21,Scotland,nation,S92000003,111.0,17097.0,23.0,2286.0
2020-05-20,Scotland,nation,S92000003,121.0,16986.0,21.0,2263.0
2020-05-19,Scotland,nation,S92000003,182.0,16865.0,28.0,2242.0
2020-05-18,Scotland,nation,S92000003,140.0,16683.0,23.0,2214.0
2020-05-17,Scotland,nation,S92000003,92.0,16543.0,26.0,2191.0
2020-05-16,Scotland,nation,S92000003,103.0,16451.0,28.0,2165.0
2020-05-15,Scotland,nation,S92000003,152.0,16348.0,24.0,2137.0
2020-05-14,Scotland,nation,S92000003,212.0,16196.0,34.0,2113.0
2020-05-13,Scotland,nation,S92000003,198.0,15984.0,42.0,2079.0
2020-05-12,Scotland,nation,S92000003,231.0,15786.0,30.0,2037.0
2020-05-11,Scotland,nation,S92000003,261.0,15555.0,32.0,2007.0
2020-05-10,Scotland,nation,S92000003,150.0,15294.0,27.0,1975.0
2020-05-09,Scotland,nation,S92000003,177.0,15144.0,34.0,1948.0
2020-05-08,Scotland,nation,S92000003,254.0,14967.0,34.0,1914.0
2020-05-07,Scotland,nation,S92000003,290.0,14713.0,39.0,1880.0
2020-05-06,Scotland,nation,S92000003,306.0,14423.0,43.0,1841.0
2020-05-05,Scotland,nation,S92000003,288.0,14117.0,50.0,1798.0
2020-05-04,Scotland,nation,S92000003,329.0,13829.0,40.0,1748.0
2020-05-03,Scotland,nation,S92000003,189.0,13500.0,36.0,1708.0
2020-05-02,Scotland,nation,S92000003,217.0,13311.0,44.0,1672.0
2020-05-01,Scotland,nation,S92000003,368.0,13094.0,48.0,1628.0
2020-04-30,Scotland,nation,S92000003,335.0,12726.0,43.0,1580.0
2020-04-29,Scotland,nation,S92000003,430.0,12391.0,37.0,1537.0
2020-04-28,Scotland,nation,S92000003,380.0,11961.0,40.0,1500.0
2020-04-27,Scotland,nation,S92000003,430.0,11581.0,60.0,1460.0
2020-04-26,Scotland,nation,S92000003,171.0,11151.0,43.0,1400.0
2020-04-25,Scotland,nation,S92000003,185.0,10980.0,47.0,1357.0
2020-04-24,Scotland,nation,S92000003,305.0,10795.0,38.0,1310.0
2020-04-23,Scotland,nation,S92000003,314.0,10490.0,48.0,1272.0
2020-04-22,Scotland,nation,S92000003,340.0,10176.0,44.0,1224.0
2020-04-21,Scotland,nation,S92000003,399.0,9836.0,50.0,1180.0
2020-04-20,Scotland,nation,S92000003,776.0,9437.0,61.0,1130.0
2020-04-19,Scotland,nation,S92000003,159.0,8661.0,44.0,1069.0
2020-04-18,Scotland,nation,S92000003,264.0,8502.0,51.0,1025.0
2020-04-17,Scotland,nation,S92000003,394.0,8238.0,37.0,974.0
2020-04-16,Scotland,nation,S92000003,425.0,7844.0,41.0,937.0
2020-04-15,Scotland,nation,S92000003,334.0,7419.0,41.0,896.0
2020-04-14,Scotland,nation,S92000003,346.0,7085.0,50.0,855.0
2020-04-13,Scotland,nation,S92000003,359.0,6739.0,39.0,805.0
2020-04-12,Scotland,nation,S92000003,220.0,6380.0,46.0,766.0
2020-04-11,Scotland,nation,S92000003,185.0,6160.0,51.0,720.0
2020-04-10,Scotland,nation,S92000003,329.0,5975.0,55.0,669.0
2020-04-09,Scotland,nation,S92000003,304.0,5646.0,63.0,614.0
2020-04-08,Scotland,nation,S92000003,343.0,5342.0,52.0,551.0
2020-04-07,Scotland,nation,S92000003,351.0,4999.0,47.0,499.0
2020-04-06,Scotland,nation,S92000003,404.0,4648.0,62.0,452.0
2020-04-05,Scotland,nation,S92000003,225.0,4244.0,44.0,390.0
2020-04-04,Scotland,nation,S92000003,260.0,4019.0,27.0,346.0
2020-04-03,Scotland,nation,S92000003,379.0,3759.0,57.0,319.0
2020-04-02,Scotland,nation,S92000003,355.0,3380.0,36.0,262.0
2020-04-01,Scotland,nation,S92000003,384.0,3025.0,44.0,226.0
2020-03-31,Scotland,nation,S92000003,340.0,2641.0,38.0,182.0
2020-03-30,Scotland,nation,S92000003,321.0,2301.0,27.0,144.0
2020-03-29,Scotland,nation,S92000003,197.0,1980.0,20.0,117.0
2020-03-28,Scotland,nation,S92000003,205.0,1783.0,29.0,97.0
2020-03-27,Scotland,nation,S92000003,274.0,1578.0,11.0,68.0
2020-03-26,Scotland,nation,S92000003,221.0,1304.0,11.0,57.0
2020-03-25,Scotland,nation,S92000003,181.0,1083.0,10.0,46.0
2020-03-24,Scotland,nation,S92000003,169.0,902.0,7.0,36.0
2020-03-23,Scotland,nation,S92000003,145.0,733.0,4.0,29.0
2020-03-22,Scotland,nation,S92000003,75.0,588.0,5.0,25.0
2020-03-21,Scotland,nation,S92000003,66.0,513.0,6.0,20.0
2020-03-20,Scotland,nation,S92000003,82.0,447.0,5.0,14.0
2020-03-19,Scotland,nation,S92000003,50.0,365.0,3.0,9.0
2020-03-18,Scotland,nation,S92000003,41.0,315.0,0.0,6.0
2020-03-17,Scotland,nation,S92000003,43.0,274.0,2.0,6.0
2020-03-16,Scotland,nation,S92000003,21.0,231.0,1.0,4.0
2020-03-15,Scotland,nation,S92000003,11.0,210.0,0.0,3.0
2020-03-14,Scotland,nation,S92000003,18.0,199.0,2.0,3.0
2020-03-13,Scotland,nation,S92000003,47.0,181.0,0.0,1.0
2020-03-12,Scotland,nation,S92000003,40.0,134.0,1.0,1.0
2020-03-11,Scotland,nation,S92000003,27.0,94.0,0.0,0.0
2020-03-10,Scotland,nation,S92000003,19.0,67.0,0.0,0.0
2020-03-09,Scotland,nation,S92000003,18.0,48.0,0.0,0.0
2020-03-08,Scotland,nation,S92000003,3.0,30.0,0.0,0.0
2020-03-07,Scotland,nation,S92000003,6.0,27.0,0.0,0.0
2020-03-06,Scotland,nation,S92000003,6.0,21.0,0.0,0.0
2020-03-05,Scotland,nation,S92000003,2.0,15.0,0.0,0.0
2020-03-04,Scotland,nation,S92000003,6.0,13.0,0.0,0.0
2020-03-03,Scotland,nation,S92000003,3.0,7.0,0.0,0.0
2020-03-02,Scotland,nation,S92000003,1.0,4.0,0.0,0.0
2020-03-01,Scotland,nation,S92000003,2.0,3.0,0.0,0.0
2020-02-29,Scotland,nation,S92000003,0.0,1.0,0.0,0.0
2020-02-28,Scotland,nation,S92000003,1.0,1.0,,0.0
2020-09-10,Wales,nation,W92000004,,,0.0,1597.0
2020-09-09,Wales,nation,W92000004,29.0,19064.0,0.0,1597.0
2020-09-08,Wales,nation,W92000004,91.0,19035.0,0.0,1597.0
2020-09-07,Wales,nation,W92000004,108.0,18944.0,0.0,1597.0
2020-09-06,Wales,nation,W92000004,126.0,18836.0,0.0,1597.0
2020-09-05,Wales,nation,W92000004,124.0,18710.0,0.0,1597.0
2020-09-04,Wales,nation,W92000004,149.0,18586.0,0.0,1597.0
2020-09-03,Wales,nation,W92000004,124.0,18437.0,0.0,1597.0
2020-09-02,Wales,nation,W92000004,95.0,18313.0,0.0,1597.0
2020-09-01,Wales,nation,W92000004,57.0,18218.0,0.0,1597.0
2020-08-31,Wales,nation,W92000004,44.0,18161.0,2.0,1597.0
2020-08-30,Wales,nation,W92000004,46.0,18117.0,0.0,1595.0
2020-08-29,Wales,nation,W92000004,44.0,18071.0,0.0,1595.0
2020-08-28,Wales,nation,W92000004,52.0,18027.0,0.0,1595.0
2020-08-27,Wales,nation,W92000004,50.0,17975.0,0.0,1595.0
2020-08-26,Wales,nation,W92000004,44.0,17925.0,0.0,1595.0
2020-08-25,Wales,nation,W92000004,50.0,17881.0,0.0,1595.0
2020-08-24,Wales,nation,W92000004,36.0,17831.0,1.0,1595.0
2020-08-23,Wales,nation,W92000004,11.0,17795.0,0.0,1594.0
2020-08-22,Wales,nation,W92000004,19.0,17784.0,1.0,1594.0
2020-08-21,Wales,nation,W92000004,23.0,17765.0,0.0,1593.0
2020-08-20,Wales,nation,W92000004,31.0,17742.0,0.0,1593.0
2020-08-19,Wales,nation,W92000004,35.0,17711.0,0.0,1593.0
2020-08-18,Wales,nation,W92000004,38.0,17676.0,2.0,1593.0
2020-08-17,Wales,nation,W92000004,19.0,17638.0,0.0,1591.0
2020-08-16,Wales,nation,W92000004,18.0,17619.0,0.0,1591.0
2020-08-15,Wales,nation,W92000004,10.0,17601.0,0.0,1591.0
2020-08-14,Wales,nation,W92000004,17.0,17591.0,1.0,1591.0
2020-08-13,Wales,nation,W92000004,17.0,17574.0,1.0,1590.0
2020-08-12,Wales,nation,W92000004,24.0,17557.0,1.0,1589.0
2020-08-11,Wales,nation,W92000004,27.0,17533.0,0.0,1588.0
2020-08-10,Wales,nation,W92000004,19.0,17506.0,2.0,1588.0
2020-08-09,Wales,nation,W92000004,8.0,17487.0,0.0,1586.0
2020-08-08,Wales,nation,W92000004,5.0,17479.0,2.0,1586.0
2020-08-07,Wales,nation,W92000004,15.0,17474.0,5.0,1584.0
2020-08-06,Wales,nation,W92000004,22.0,17459.0,0.0,1579.0
2020-08-05,Wales,nation,W92000004,22.0,17437.0,3.0,1579.0
2020-08-04,Wales,nation,W92000004,24.0,17415.0,4.0,1576.0
2020-08-03,Wales,nation,W92000004,22.0,17391.0,1.0,1572.0
2020-08-02,Wales,nation,W92000004,14.0,17369.0,2.0,1571.0
2020-08-01,Wales,nation,W92000004,16.0,17355.0,2.0,1569.0
2020-07-31,Wales,nation,W92000004,16.0,17339.0,4.0,1567.0
2020-07-30,Wales,nation,W92000004,30.0,17323.0,2.0,1563.0
2020-07-29,Wales,nation,W92000004,27.0,17293.0,4.0,1561.0
2020-07-28,Wales,nation,W92000004,27.0,17266.0,2.0,1557.0
2020-07-27,Wales,nation,W92000004,23.0,17239.0,1.0,1555.0
2020-07-26,Wales,nation,W92000004,35.0,17216.0,2.0,1554.0
2020-07-25,Wales,nation,W92000004,24.0,17181.0,2.0,1552.0
2020-07-24,Wales,nation,W92000004,30.0,17157.0,1.0,1550.0
2020-07-23,Wales,nation,W92000004,31.0,17127.0,0.0,1549.0
2020-07-22,Wales,nation,W92000004,25.0,17096.0,1.0,1549.0
2020-07-21,Wales,nation,W92000004,61.0,17071.0,1.0,1548.0
2020-07-20,Wales,nation,W92000004,43.0,17010.0,0.0,1547.0
2020-07-19,Wales,nation,W92000004,10.0,16967.0,0.0,1547.0
2020-07-18,Wales,nation,W92000004,11.0,16957.0,0.0,1547.0
2020-07-17,Wales,nation,W92000004,17.0,16946.0,0.0,1547.0
2020-07-16,Wales,nation,W92000004,25.0,16929.0,1.0,1547.0
2020-07-15,Wales,nation,W92000004,18.0,16904.0,0.0,1546.0
2020-07-14,Wales,nation,W92000004,23.0,16886.0,1.0,1546.0
2020-07-13,Wales,nation,W92000004,24.0,16863.0,2.0,1545.0
2020-07-12,Wales,nation,W92000004,10.0,16839.0,0.0,1543.0
2020-07-11,Wales,nation,W92000004,12.0,16829.0,1.0,1543.0
2020-07-10,Wales,nation,W92000004,29.0,16817.0,0.0,1542.0
2020-07-09,Wales,nation,W92000004,22.0,16788.0,1.0,1542.0
2020-07-08,Wales,nation,W92000004,14.0,16766.0,1.0,1541.0
2020-07-07,Wales,nation,W92000004,28.0,16752.0,1.0,1540.0
2020-07-06,Wales,nation,W92000004,35.0,16724.0,2.0,1539.0
2020-07-05,Wales,nation,W92000004,12.0,16689.0,2.0,1537.0
2020-07-04,Wales,nation,W92000004,9.0,16677.0,2.0,1535.0
2020-07-03,Wales,nation,W92000004,19.0,16668.0,0.0,1533.0
2020-07-02,Wales,nation,W92000004,28.0,16649.0,3.0,1533.0
2020-07-01,Wales,nation,W92000004,27.0,16621.0,4.0,1530.0
2020-06-30,Wales,nation,W92000004,35.0,16594.0,4.0,1526.0
2020-06-29,Wales,nation,W92000004,43.0,16559.0,3.0,1522.0
2020-06-28,Wales,nation,W92000004,28.0,16516.0,2.0,1519.0
2020-06-27,Wales,nation,W92000004,140.0,16488.0,6.0,1517.0
2020-06-26,Wales,nation,W92000004,19.0,16348.0,2.0,1511.0
2020-06-25,Wales,nation,W92000004,60.0,16329.0,9.0,1509.0
2020-06-24,Wales,nation,W92000004,37.0,16269.0,6.0,1500.0
2020-06-23,Wales,nation,W92000004,131.0,16232.0,1.0,1494.0
2020-06-22,Wales,nation,W92000004,66.0,16101.0,2.0,1493.0
2020-06-21,Wales,nation,W92000004,76.0,16035.0,5.0,1491.0
2020-06-20,Wales,nation,W92000004,47.0,15959.0,3.0,1486.0
2020-06-19,Wales,nation,W92000004,140.0,15912.0,4.0,1483.0
2020-06-18,Wales,nation,W92000004,62.0,15772.0,0.0,1479.0
2020-06-17,Wales,nation,W92000004,64.0,15710.0,1.0,1479.0
2020-06-16,Wales,nation,W92000004,82.0,15646.0,8.0,1478.0
2020-06-15,Wales,nation,W92000004,66.0,15564.0,6.0,1470.0
2020-06-14,Wales,nation,W92000004,54.0,15498.0,7.0,1464.0
2020-06-13,Wales,nation,W92000004,70.0,15444.0,6.0,1457.0
2020-06-12,Wales,nation,W92000004,75.0,15374.0,4.0,1451.0
2020-06-11,Wales,nation,W92000004,66.0,15299.0,5.0,1447.0
2020-06-10,Wales,nation,W92000004,67.0,15233.0,7.0,1442.0
2020-06-09,Wales,nation,W92000004,62.0,15166.0,4.0,1435.0
2020-06-08,Wales,nation,W92000004,74.0,15104.0,7.0,1431.0
2020-06-07,Wales,nation,W92000004,34.0,15030.0,8.0,1424.0
2020-06-06,Wales,nation,W92000004,53.0,14996.0,9.0,1416.0
2020-06-05,Wales,nation,W92000004,55.0,14943.0,4.0,1407.0
2020-06-04,Wales,nation,W92000004,60.0,14888.0,12.0,1403.0
2020-06-03,Wales,nation,W92000004,75.0,14828.0,7.0,1391.0
2020-06-02,Wales,nation,W92000004,73.0,14753.0,5.0,1384.0
2020-06-01,Wales,nation,W92000004,64.0,14680.0,9.0,1379.0
2020-05-31,Wales,nation,W92000004,46.0,14616.0,7.0,1370.0
2020-05-30,Wales,nation,W92000004,70.0,14570.0,10.0,1363.0
2020-05-29,Wales,nation,W92000004,107.0,14500.0,11.0,1353.0
2020-05-28,Wales,nation,W92000004,102.0,14393.0,16.0,1342.0
2020-05-27,Wales,nation,W92000004,118.0,14291.0,6.0,1326.0
2020-05-26,Wales,nation,W92000004,102.0,14173.0,10.0,1320.0
2020-05-25,Wales,nation,W92000004,105.0,14071.0,10.0,1310.0
2020-05-24,Wales,nation,W92000004,82.0,13966.0,12.0,1300.0
2020-05-23,Wales,nation,W92000004,123.0,13884.0,7.0,1288.0
2020-05-22,Wales,nation,W92000004,137.0,13761.0,10.0,1281.0
2020-05-21,Wales,nation,W92000004,132.0,13624.0,9.0,1271.0
2020-05-20,Wales,nation,W92000004,166.0,13492.0,7.0,1262.0
2020-05-19,Wales,nation,W92000004,213.0,13326.0,11.0,1255.0
2020-05-18,Wales,nation,W92000004,168.0,13113.0,10.0,1244.0
2020-05-17,Wales,nation,W92000004,118.0,12945.0,11.0,1234.0
2020-05-16,Wales,nation,W92000004,166.0,12827.0,13.0,1223.0
2020-05-15,Wales,nation,W92000004,179.0,12661.0,16.0,1210.0
2020-05-14,Wales,nation,W92000004,132.0,12482.0,12.0,1194.0
2020-05-13,Wales,nation,W92000004,153.0,12350.0,16.0,1182.0
2020-05-12,Wales,nation,W92000004,150.0,12197.0,11.0,1166.0
2020-05-11,Wales,nation,W92000004,178.0,12047.0,15.0,1155.0
2020-05-10,Wales,nation,W92000004,107.0,11869.0,10.0,1140.0
2020-05-09,Wales,nation,W92000004,136.0,11762.0,7.0,1130.0
2020-05-08,Wales,nation,W92000004,115.0,11626.0,13.0,1123.0
2020-05-07,Wales,nation,W92000004,176.0,11511.0,19.0,1110.0
2020-05-06,Wales,nation,W92000004,171.0,11335.0,23.0,1091.0
2020-05-05,Wales,nation,W92000004,175.0,11164.0,17.0,1068.0
2020-05-04,Wales,nation,W92000004,139.0,10989.0,23.0,1051.0
2020-05-03,Wales,nation,W92000004,105.0,10850.0,14.0,1028.0
2020-05-02,Wales,nation,W92000004,179.0,10745.0,14.0,1014.0
2020-05-01,Wales,nation,W92000004,176.0,10566.0,29.0,1000.0
2020-04-30,Wales,nation,W92000004,200.0,10390.0,16.0,971.0
2020-04-29,Wales,nation,W92000004,176.0,10190.0,26.0,955.0
2020-04-28,Wales,nation,W92000004,153.0,10014.0,15.0,929.0
2020-04-27,Wales,nation,W92000004,172.0,9861.0,16.0,914.0
2020-04-26,Wales,nation,W92000004,121.0,9689.0,16.0,898.0
2020-04-25,Wales,nation,W92000004,136.0,9568.0,29.0,882.0
2020-04-24,Wales,nation,W92000004,213.0,9432.0,31.0,853.0
2020-04-23,Wales,nation,W92000004,201.0,9219.0,18.0,822.0
2020-04-22,Wales,nation,W92000004,253.0,9018.0,23.0,804.0
2020-04-21,Wales,nation,W92000004,259.0,8765.0,30.0,781.0
2020-04-20,Wales,nation,W92000004,281.0,8506.0,25.0,751.0
2020-04-19,Wales,nation,W92000004,181.0,8225.0,26.0,726.0
2020-04-18,Wales,nation,W92000004,247.0,8044.0,32.0,700.0
2020-04-17,Wales,nation,W92000004,324.0,7797.0,29.0,668.0
2020-04-16,Wales,nation,W92000004,363.0,7473.0,35.0,639.0
2020-04-15,Wales,nation,W92000004,361.0,7110.0,38.0,604.0
2020-04-14,Wales,nation,W92000004,317.0,6749.0,26.0,566.0
2020-04-13,Wales,nation,W92000004,273.0,6432.0,43.0,540.0
2020-04-12,Wales,nation,W92000004,247.0,6159.0,37.0,497.0
2020-04-11,Wales,nation,W92000004,247.0,5912.0,31.0,460.0
2020-04-10,Wales,nation,W92000004,308.0,5665.0,25.0,429.0
2020-04-09,Wales,nation,W92000004,391.0,5357.0,43.0,404.0
2020-04-08,Wales,nation,W92000004,386.0,4966.0,42.0,361.0
2020-04-07,Wales,nation,W92000004,386.0,4580.0,32.0,319.0
2020-04-06,Wales,nation,W92000004,383.0,4194.0,20.0,287.0
2020-04-05,Wales,nation,W92000004,223.0,3811.0,30.0,267.0
2020-04-04,Wales,nation,W92000004,282.0,3588.0,31.0,237.0
2020-04-03,Wales,nation,W92000004,330.0,3306.0,29.0,206.0
2020-04-02,Wales,nation,W92000004,336.0,2976.0,28.0,177.0
2020-04-01,Wales,nation,W92000004,327.0,2640.0,21.0,149.0
2020-03-31,Wales,nation,W92000004,277.0,2313.0,15.0,128.0
2020-03-30,Wales,nation,W92000004,343.0,2036.0,16.0,113.0
2020-03-29,Wales,nation,W92000004,159.0,1693.0,18.0,97.0
2020-03-28,Wales,nation,W92000004,167.0,1534.0,15.0,79.0
2020-03-27,Wales,nation,W92000004,193.0,1367.0,10.0,64.0
2020-03-26,Wales,nation,W92000004,177.0,1174.0,11.0,54.0
2020-03-25,Wales,nation,W92000004,190.0,997.0,10.0,43.0
2020-03-24,Wales,nation,W92000004,141.0,807.0,9.0,33.0
2020-03-23,Wales,nation,W92000004,133.0,666.0,4.0,24.0
2020-03-22,Wales,nation,W92000004,76.0,533.0,5.0,20.0
2020-03-21,Wales,nation,W92000004,75.0,457.0,7.0,15.0
2020-03-20,Wales,nation,W92000004,73.0,382.0,2.0,8.0
2020-03-19,Wales,nation,W92000004,60.0,309.0,3.0,6.0
2020-03-18,Wales,nation,W92000004,36.0,249.0,0.0,3.0
2020-03-17,Wales,nation,W92000004,37.0,213.0,0.0,3.0
2020-03-16,Wales,nation,W92000004,37.0,176.0,3.0,3.0
2020-03-15,Wales,nation,W92000004,32.0,139.0,,
2020-03-14,Wales,nation,W92000004,19.0,107.0,,
2020-03-13,Wales,nation,W92000004,28.0,88.0,,
2020-03-12,Wales,nation,W92000004,25.0,60.0,,
2020-03-11,Wales,nation,W92000004,15.0,35.0,,
2020-03-10,Wales,nation,W92000004,12.0,20.0,,
2020-03-09,Wales,nation,W92000004,3.0,8.0,,
2020-03-08,Wales,nation,W92000004,1.0,5.0,,
2020-03-07,Wales,nation,W92000004,2.0,4.0,,
2020-03-06,Wales,nation,W92000004,0.0,2.0,,
2020-03-05,Wales,nation,W92000004,0.0,2.0,,
2020-03-04,Wales,nation,W92000004,1.0,2.0,,
2020-03-03,Wales,nation,W92000004,0.0,1.0,,
2020-03-02,Wales,nation,W92000004,0.0,1.0,,
2020-03-01,Wales,nation,W92000004,0.0,1.0,,
2020-02-29,Wales,nation,W92000004,0.0,1.0,,
2020-02-28,Wales,nation,W92000004,0.0,1.0,,
2020-02-27,Wales,nation,W92000004,1.0,1.0,,
